-- MySQL dump 10.13  Distrib 8.0.28, for macos11 (x86_64)
--
-- Host: database-1.ciw5pjxbsow7.us-east-2.rds.amazonaws.com    Database: punchcard
-- ------------------------------------------------------
-- Server version	8.0.33

/*!40101 SET @OLD_CHARACTER_SET_CLIENT=@@CHARACTER_SET_CLIENT */;
/*!40101 SET @OLD_CHARACTER_SET_RESULTS=@@CHARACTER_SET_RESULTS */;
/*!40101 SET @OLD_COLLATION_CONNECTION=@@COLLATION_CONNECTION */;
/*!50503 SET NAMES utf8 */;
/*!40103 SET @OLD_TIME_ZONE=@@TIME_ZONE */;
/*!40103 SET TIME_ZONE='+00:00' */;
/*!40014 SET @OLD_UNIQUE_CHECKS=@@UNIQUE_CHECKS, UNIQUE_CHECKS=0 */;
/*!40014 SET @OLD_FOREIGN_KEY_CHECKS=@@FOREIGN_KEY_CHECKS, FOREIGN_KEY_CHECKS=0 */;
/*!40101 SET @OLD_SQL_MODE=@@SQL_MODE, SQL_MODE='NO_AUTO_VALUE_ON_ZERO' */;
/*!40111 SET @OLD_SQL_NOTES=@@SQL_NOTES, SQL_NOTES=0 */;
SET @MYSQLDUMP_TEMP_LOG_BIN = @@SESSION.SQL_LOG_BIN;
SET @@SESSION.SQL_LOG_BIN= 0;

--
-- GTID state at the beginning of the backup 
--

SET @@GLOBAL.GTID_PURGED=/*!80000 '+'*/ '';

--
-- Table structure for table `enigma_jwt`
--

DROP TABLE IF EXISTS `enigma_jwt`;
/*!40101 SET @saved_cs_client     = @@character_set_client */;
/*!50503 SET character_set_client = utf8mb4 */;
CREATE TABLE `enigma_jwt` (
  `id` bigint NOT NULL,
  `enigma_user_id` bigint DEFAULT NULL,
  `expires_at` datetime(6) DEFAULT NULL,
  `is_refresh_token` bit(1) DEFAULT NULL,
  `issued_at` datetime(6) DEFAULT NULL,
  `revoked_at` datetime(6) DEFAULT NULL,
  PRIMARY KEY (`id`)
) ENGINE=InnoDB DEFAULT CHARSET=utf8mb4 COLLATE=utf8mb4_0900_ai_ci;
/*!40101 SET character_set_client = @saved_cs_client */;

--
-- Dumping data for table `enigma_jwt`
--

LOCK TABLES `enigma_jwt` WRITE;
/*!40000 ALTER TABLE `enigma_jwt` DISABLE KEYS */;
INSERT INTO `enigma_jwt` VALUES (-9218032143046597102,11,'2023-10-31 01:39:37.773000',_binary '','2023-10-31 01:24:37.773000',NULL),(-9199219368344216342,11,'2023-10-30 16:53:26.376000',_binary '','2023-10-30 16:38:26.376000',NULL),(-9184335864317148629,39,'2023-10-31 20:39:15.604000',_binary '\0','2023-10-31 10:39:15.604000','2023-10-31 11:09:15.174000'),(-9183543526177827428,11,'2023-10-30 06:52:48.870000',_binary '\0','2023-10-29 20:52:48.870000','2023-10-29 20:52:51.968000'),(-9178370445266046324,33,'2023-10-30 06:42:37.309000',_binary '\0','2023-10-29 20:42:37.309000',NULL),(-9176550324881906225,59,'2023-11-01 00:20:17.742000',_binary '\0','2023-10-31 14:20:17.742000',NULL),(-9166707297761388788,75,'2023-11-21 00:49:52.780000',_binary '','2023-11-21 00:34:52.780000',NULL),(-9162872769045781320,79,'2023-12-11 09:41:59.793000',_binary '\0','2023-12-10 23:41:59.793000',NULL),(-9160551425627300528,39,'2023-11-05 21:37:21.182000',_binary '\0','2023-11-05 11:37:21.182000',NULL),(-9154920904480545782,50,'2023-10-31 18:56:45.328000',_binary '\0','2023-10-31 08:56:45.328000',NULL),(-9144142534182344865,11,'2023-11-12 16:40:20.019000',_binary '','2023-11-12 16:25:20.019000',NULL),(-9132313985232402407,33,'2023-10-29 21:07:04.619000',_binary '','2023-10-29 20:52:04.619000',NULL),(-9128944974975244140,45,'2023-10-31 02:07:10.945000',_binary '','2023-10-31 01:52:10.945000',NULL),(-9117040776462342623,75,'2023-11-21 22:20:04.678000',_binary '\0','2023-11-21 12:20:04.678000',NULL),(-9106865727543661923,11,'2023-10-30 13:02:30.153000',_binary '','2023-10-30 12:47:30.153000',NULL),(-9091635447190204236,75,'2023-11-22 22:24:44.750000',_binary '','2023-11-22 22:09:44.750000',NULL),(-9067006259653179946,75,'2023-11-20 23:56:18.105000',_binary '','2023-11-20 23:41:18.105000',NULL),(-9059665416248377489,51,'2023-10-31 21:27:37.084000',_binary '\0','2023-10-31 11:27:37.084000','2023-10-31 11:27:41.278000'),(-9045949921786472648,11,'2023-11-12 19:40:59.869000',_binary '','2023-11-12 19:25:59.869000',NULL),(-9036278238841834664,53,'2023-10-31 08:59:04.573000',_binary '','2023-10-31 08:44:04.573000',NULL),(-9032590202797391286,30,'2023-10-29 20:24:15.482000',_binary '','2023-10-29 20:09:15.482000',NULL),(-9014169987339827871,75,'2023-11-21 15:46:22.081000',_binary '','2023-11-21 15:31:22.081000',NULL),(-9006577982550335286,75,'2023-11-21 12:31:14.036000',_binary '','2023-11-21 12:16:14.036000',NULL),(-9000495796289789038,66,'2023-11-01 07:02:20.584000',_binary '','2023-11-01 06:47:20.584000',NULL),(-8995947704588972214,79,'2023-12-11 11:22:10.319000',_binary '\0','2023-12-11 01:22:10.319000',NULL),(-8980694270545077791,75,'2023-11-20 23:30:16.291000',_binary '','2023-11-20 23:15:16.291000',NULL),(-8977791135052330858,66,'2023-11-01 07:06:21.286000',_binary '','2023-11-01 06:51:21.286000',NULL),(-8961558006110228480,51,'2023-10-31 20:56:21.809000',_binary '\0','2023-10-31 10:56:21.809000',NULL),(-8952739584737307279,45,'2023-10-31 11:53:04.992000',_binary '\0','2023-10-31 01:53:04.992000','2023-10-31 01:53:16.312000'),(-8904613750947476703,59,'2023-10-31 14:13:08.491000',_binary '','2023-10-31 13:58:08.491000',NULL),(-8888689248861509401,11,'2023-11-13 09:33:27.274000',_binary '\0','2023-11-12 23:33:27.274000',NULL),(-8884201880019724240,11,'2023-11-20 22:02:21.231000',_binary '','2023-11-20 21:47:21.231000',NULL),(-8847438450013668774,11,'2023-10-30 16:55:48.116000',_binary '','2023-10-30 16:40:48.116000',NULL),(-8836948674035684435,11,'2023-10-31 02:41:40.234000',_binary '\0','2023-10-30 16:41:40.234000',NULL),(-8816154125283278609,39,'2023-10-30 14:53:13.886000',_binary '','2023-10-30 14:38:13.886000',NULL),(-8801965690398124303,75,'2023-11-21 00:41:15.409000',_binary '','2023-11-21 00:26:15.409000',NULL),(-8767841021567074705,66,'2023-11-01 16:47:20.584000',_binary '\0','2023-11-01 06:47:20.584000',NULL),(-8714033588030454068,59,'2023-10-31 22:16:19.498000',_binary '\0','2023-10-31 12:16:19.498000',NULL),(-8713570160357096528,34,'2023-10-30 06:57:24.605000',_binary '\0','2023-10-29 20:57:24.605000',NULL),(-8710428998066885291,33,'2023-10-30 06:49:09.210000',_binary '\0','2023-10-29 20:49:09.210000','2023-10-29 20:49:26.300000'),(-8697060105997206745,50,'2023-10-31 09:12:19.772000',_binary '','2023-10-31 08:57:19.772000',NULL),(-8693101475436093619,39,'2023-10-31 22:26:11.052000',_binary '\0','2023-10-31 12:26:11.052000',NULL),(-8690807904182917051,39,'2023-10-30 23:53:15.982000',_binary '\0','2023-10-30 13:53:15.982000','2023-10-30 13:53:29.578000'),(-8687426104188529253,21,'2023-10-30 04:25:51.451000',_binary '\0','2023-10-29 18:25:51.451000',NULL),(-8647953137152141632,75,'2023-11-21 10:10:04.977000',_binary '\0','2023-11-21 00:10:04.977000',NULL),(-8647438608508229421,59,'2023-10-31 23:58:08.491000',_binary '\0','2023-10-31 13:58:08.491000','2023-10-31 13:58:14.289000'),(-8610075659312749586,79,'2023-12-10 23:56:59.793000',_binary '','2023-12-10 23:41:59.793000',NULL),(-8580700276142432625,54,'2023-10-31 21:19:57.233000',_binary '\0','2023-10-31 11:19:57.233000',NULL),(-8572015211331211200,75,'2023-11-21 00:18:40.403000',_binary '','2023-11-21 00:03:40.403000',NULL),(-8555563641439334708,11,'2023-10-31 02:41:18.848000',_binary '\0','2023-10-30 16:41:18.848000',NULL),(-8548360849414458364,39,'2023-10-30 20:41:20.074000',_binary '','2023-10-30 20:26:20.074000',NULL),(-8539563125631521755,11,'2023-10-31 08:38:33.737000',_binary '','2023-10-31 08:23:33.737000',NULL),(-8507789732415284647,31,'2023-10-29 20:30:39.353000',_binary '','2023-10-29 20:15:39.353000',NULL),(-8501652886815301378,54,'2023-10-31 21:18:10.326000',_binary '\0','2023-10-31 11:18:10.326000',NULL),(-8493459447023411260,75,'2023-11-21 00:58:49.973000',_binary '','2023-11-21 00:43:49.973000',NULL),(-8474495303272732580,79,'2023-12-10 23:52:21.209000',_binary '','2023-12-10 23:37:21.209000',NULL),(-8472721677341728442,23,'2023-10-29 19:18:44.937000',_binary '','2023-10-29 19:03:44.937000',NULL),(-8445538919538203587,51,'2023-10-31 18:41:21.432000',_binary '\0','2023-10-31 08:41:21.432000',NULL),(-8444005274427905218,39,'2023-10-30 14:08:15.982000',_binary '','2023-10-30 13:53:15.982000',NULL),(-8436008601636356669,51,'2023-10-31 18:53:54.366000',_binary '\0','2023-10-31 08:53:54.366000',NULL),(-8422191065727612745,11,'2023-10-31 02:41:02.877000',_binary '\0','2023-10-30 16:41:02.877000',NULL),(-8387260984309654528,11,'2023-10-31 02:40:48.116000',_binary '\0','2023-10-30 16:40:48.116000',NULL),(-8379987010044971855,53,'2023-10-31 18:44:04.573000',_binary '\0','2023-10-31 08:44:04.573000',NULL),(-8365187919167691992,33,'2023-10-29 21:04:09.210000',_binary '','2023-10-29 20:49:09.210000',NULL),(-8357834886134915486,54,'2023-10-31 11:34:57.233000',_binary '','2023-10-31 11:19:57.233000',NULL),(-8356934595578330694,71,'2023-11-19 23:13:57.690000',_binary '','2023-11-19 22:58:57.690000',NULL),(-8338013528087825815,75,'2023-11-21 13:09:06.611000',_binary '','2023-11-21 12:54:06.611000',NULL),(-8317690569541261656,57,'2023-11-03 04:45:00.460000',_binary '\0','2023-11-02 18:45:00.460000',NULL),(-8304972593239748368,45,'2023-10-31 02:08:04.992000',_binary '','2023-10-31 01:53:04.992000',NULL),(-8301785449544173453,75,'2023-11-21 10:03:40.403000',_binary '\0','2023-11-21 00:03:40.403000',NULL),(-8299736725598855419,39,'2023-10-31 08:05:04.160000',_binary '\0','2023-10-30 22:05:04.160000','2023-10-30 22:05:23.852000'),(-8290083303868200974,45,'2023-10-31 11:40:18.613000',_binary '\0','2023-10-31 01:40:18.613000','2023-10-31 02:03:22.875000'),(-8273094097300172318,11,'2023-11-13 02:25:20.019000',_binary '\0','2023-11-12 16:25:20.019000',NULL),(-8257147844752862888,75,'2023-11-21 22:16:14.036000',_binary '\0','2023-11-21 12:16:14.036000',NULL),(-8250800781601150098,11,'2023-10-30 16:56:40.234000',_binary '','2023-10-30 16:41:40.234000',NULL),(-8235063835151459073,39,'2023-10-31 10:53:39.654000',_binary '','2023-10-31 10:38:39.654000',NULL),(-8212106834290465738,51,'2023-10-31 11:53:54.430000',_binary '','2023-10-31 11:38:54.430000',NULL),(-8201278837880927195,74,'2023-11-23 08:29:04.289000',_binary '\0','2023-11-22 22:29:04.289000',NULL),(-8173791403064467922,39,'2023-10-31 06:28:10.473000',_binary '\0','2023-10-30 20:28:10.473000','2023-10-30 20:28:16.785000'),(-8170132831115161582,25,'2023-10-30 05:32:30.172000',_binary '\0','2023-10-29 19:32:30.172000',NULL),(-8120453220523766187,57,'2023-10-31 21:47:55.326000',_binary '\0','2023-10-31 11:47:55.326000',NULL),(-8111622256500006082,39,'2023-10-31 09:37:12.433000',_binary '','2023-10-31 09:22:12.433000',NULL),(-8093964997465771596,54,'2023-11-01 00:02:50.981000',_binary '\0','2023-10-31 14:02:50.981000',NULL),(-8086595268793135846,39,'2023-10-31 06:57:46.676000',_binary '\0','2023-10-30 20:57:46.676000','2023-10-30 21:01:15.244000'),(-8079539849981674232,74,'2023-11-22 22:05:34.068000',_binary '','2023-11-22 21:50:34.068000',NULL),(-8046857232874271646,25,'2023-10-29 19:47:30.172000',_binary '','2023-10-29 19:32:30.172000',NULL),(-8036955655434301743,65,'2023-10-31 14:56:33.531000',_binary '','2023-10-31 14:41:33.531000',NULL),(-8031260529401742508,51,'2023-10-31 11:11:21.809000',_binary '','2023-10-31 10:56:21.809000',NULL),(-8029674225301434324,34,'2023-10-29 21:11:41.827000',_binary '','2023-10-29 20:56:41.827000',NULL),(-7990494047323238685,39,'2023-10-30 20:41:39.240000',_binary '','2023-10-30 20:26:39.240000',NULL),(-7981148904577859530,11,'2023-10-29 21:07:48.870000',_binary '','2023-10-29 20:52:48.870000',NULL),(-7976207349416470299,39,'2023-10-31 06:26:39.240000',_binary '\0','2023-10-30 20:26:39.240000','2023-10-30 20:27:19.080000'),(-7952555089235116673,79,'2023-12-11 11:37:05.510000',_binary '\0','2023-12-11 01:37:05.510000',NULL),(-7941312559950088608,71,'2023-11-20 08:58:57.690000',_binary '\0','2023-11-19 22:58:57.690000','2023-11-19 22:59:13.530000'),(-7932325595837099781,40,'2023-10-30 19:34:10.546000',_binary '','2023-10-30 19:19:10.546000',NULL),(-7928634701738201648,11,'2023-10-31 18:15:44.419000',_binary '\0','2023-10-31 08:15:44.419000',NULL),(-7915065171689156820,79,'2023-12-11 00:56:45.077000',_binary '','2023-12-11 00:41:45.077000',NULL),(-7913023634220414505,51,'2023-10-31 09:08:54.366000',_binary '','2023-10-31 08:53:54.366000',NULL),(-7903096716528673778,11,'2023-10-31 18:15:50.343000',_binary '\0','2023-10-31 08:15:50.343000',NULL),(-7884401336413823873,79,'2023-12-11 09:43:47.709000',_binary '\0','2023-12-10 23:43:47.709000',NULL),(-7833993113818357232,39,'2023-10-31 01:45:31.746000',_binary '','2023-10-31 01:30:31.746000',NULL),(-7825011636940274268,75,'2023-11-21 10:34:52.780000',_binary '\0','2023-11-21 00:34:52.780000',NULL),(-7822750542271789568,62,'2023-10-31 12:04:25.240000',_binary '','2023-10-31 11:49:25.240000',NULL),(-7821409702252163108,39,'2023-10-31 01:44:53.649000',_binary '','2023-10-31 01:29:53.649000',NULL),(-7788418763209679298,75,'2023-11-21 12:35:04.678000',_binary '','2023-11-21 12:20:04.678000',NULL),(-7775279043232380440,39,'2023-10-31 06:31:45.119000',_binary '\0','2023-10-30 20:31:45.119000','2023-10-30 20:32:18.852000'),(-7765615188368996373,51,'2023-10-31 18:55:19.585000',_binary '\0','2023-10-31 08:55:19.585000',NULL),(-7762343172859036045,33,'2023-10-29 21:06:41.051000',_binary '','2023-10-29 20:51:41.051000',NULL),(-7744340371226040372,40,'2023-10-31 05:19:10.546000',_binary '\0','2023-10-30 19:19:10.546000',NULL),(-7699913400765190261,54,'2023-10-31 11:33:10.326000',_binary '','2023-10-31 11:18:10.326000',NULL),(-7693826608959295298,39,'2023-10-30 21:16:24.984000',_binary '','2023-10-30 21:01:24.984000',NULL),(-7680912189945714762,75,'2023-11-21 22:54:06.611000',_binary '\0','2023-11-21 12:54:06.611000',NULL),(-7655953437161711186,75,'2023-11-21 10:43:49.973000',_binary '\0','2023-11-21 00:43:49.973000',NULL),(-7638208091492520567,74,'2023-11-21 10:31:20.239000',_binary '\0','2023-11-21 00:31:20.239000',NULL),(-7634144479046351214,59,'2023-11-01 00:18:54.911000',_binary '\0','2023-10-31 14:18:54.911000','2023-10-31 14:20:04.545000'),(-7632417840068682068,39,'2023-10-30 20:36:19.175000',_binary '','2023-10-30 20:21:19.175000',NULL),(-7618864998996660902,39,'2023-10-31 07:03:21.794000',_binary '\0','2023-10-30 21:03:21.794000','2023-10-30 21:04:10.372000'),(-7603508656264942287,39,'2023-10-30 19:41:36.656000',_binary '','2023-10-30 19:26:36.656000',NULL),(-7594819635461970749,11,'2023-10-30 16:56:18.848000',_binary '','2023-10-30 16:41:18.848000',NULL),(-7593882622486579470,27,'2023-10-29 20:11:37.705000',_binary '','2023-10-29 19:56:37.705000',NULL),(-7591387127262407340,59,'2023-10-31 22:33:28.178000',_binary '\0','2023-10-31 12:33:28.178000','2023-10-31 12:33:34.805000'),(-7590847164856144916,21,'2023-10-29 18:40:51.451000',_binary '','2023-10-29 18:25:51.451000',NULL),(-7572842762565475491,46,'2023-10-31 02:10:12.017000',_binary '','2023-10-31 01:55:12.017000',NULL),(-7558408140299876397,39,'2023-10-30 20:43:10.473000',_binary '','2023-10-30 20:28:10.473000',NULL),(-7540015102394191343,33,'2023-10-30 06:44:37.154000',_binary '\0','2023-10-29 20:44:37.154000',NULL),(-7539593127980365444,74,'2023-11-23 07:21:25.397000',_binary '\0','2023-11-22 21:21:25.397000',NULL),(-7538947378542384871,11,'2023-11-13 05:25:59.869000',_binary '\0','2023-11-12 19:25:59.869000',NULL),(-7513008708238525228,54,'2023-10-31 11:45:23.260000',_binary '','2023-10-31 11:30:23.260000',NULL),(-7471955156939689210,45,'2023-10-31 01:50:52.950000',_binary '','2023-10-31 01:35:52.950000',NULL),(-7441149904714735397,54,'2023-10-31 21:30:23.260000',_binary '\0','2023-10-31 11:30:23.260000','2023-10-31 11:30:28.110000'),(-7420440061685267599,39,'2023-10-30 21:12:46.297000',_binary '','2023-10-30 20:57:46.297000',NULL),(-7409046400672520494,39,'2023-10-31 06:26:20.074000',_binary '\0','2023-10-30 20:26:20.074000','2023-10-30 20:26:31.991000'),(-7408643278156100957,39,'2023-10-31 00:38:13.886000',_binary '\0','2023-10-30 14:38:13.886000','2023-10-30 14:39:39.164000'),(-7385188905663476259,59,'2023-10-31 23:58:00.133000',_binary '\0','2023-10-31 13:58:00.133000',NULL),(-7368535592336978869,79,'2023-12-11 01:54:41.935000',_binary '','2023-12-11 01:39:41.935000',NULL),(-7364383478423197797,75,'2023-11-21 00:49:40.959000',_binary '','2023-11-21 00:34:40.959000',NULL),(-7362612406709247100,31,'2023-10-30 06:15:39.353000',_binary '\0','2023-10-29 20:15:39.353000',NULL),(-7356463999124410595,11,'2023-11-12 17:37:18.320000',_binary '','2023-11-12 17:22:18.320000',NULL),(-7345908457085570264,39,'2023-10-31 19:22:12.433000',_binary '\0','2023-10-31 09:22:12.433000',NULL),(-7334503501759057173,39,'2023-10-31 05:26:36.656000',_binary '\0','2023-10-30 19:26:36.656000','2023-10-30 19:28:08.440000'),(-7327868395022219363,11,'2023-10-31 17:53:56.818000',_binary '\0','2023-10-31 07:53:56.818000',NULL),(-7327261367453934123,79,'2023-12-11 09:37:21.209000',_binary '\0','2023-12-10 23:37:21.209000',NULL),(-7326860300199735019,75,'2023-11-21 12:39:34.221000',_binary '','2023-11-21 12:24:34.221000',NULL),(-7311161474195024946,75,'2023-11-21 00:57:14.699000',_binary '','2023-11-21 00:42:14.699000',NULL),(-7302499815740592672,22,'2023-10-30 04:57:04.190000',_binary '\0','2023-10-29 18:57:04.190000',NULL),(-7291760865960259584,51,'2023-10-31 08:56:21.432000',_binary '','2023-10-31 08:41:21.432000',NULL),(-7276101732488531151,59,'2023-10-31 14:12:06.777000',_binary '','2023-10-31 13:57:06.777000',NULL),(-7262472929174917517,34,'2023-10-30 06:56:41.827000',_binary '\0','2023-10-29 20:56:41.827000','2023-10-29 20:56:57.018000'),(-7259281612556261985,79,'2023-12-11 09:28:46.956000',_binary '\0','2023-12-10 23:28:46.956000',NULL),(-7256237705863406158,75,'2023-11-22 21:50:15.700000',_binary '','2023-11-22 21:35:15.700000',NULL),(-7227026115534262855,74,'2023-11-21 10:31:05.583000',_binary '\0','2023-11-21 00:31:05.583000',NULL),(-7207696450421460636,74,'2023-11-23 07:50:34.068000',_binary '\0','2023-11-22 21:50:34.068000',NULL),(-7198217716775166263,11,'2023-10-31 02:36:26.533000',_binary '\0','2023-10-30 16:36:26.533000',NULL),(-7195321365291284878,57,'2023-10-31 12:02:55.326000',_binary '','2023-10-31 11:47:55.326000',NULL),(-7185245105726679601,39,'2023-10-30 22:20:04.160000',_binary '','2023-10-30 22:05:04.160000',NULL),(-7176996903839848728,11,'2023-10-30 12:49:02.466000',_binary '','2023-10-30 12:34:02.466000',NULL),(-7166592033834349181,39,'2023-10-30 21:18:21.794000',_binary '','2023-10-30 21:03:21.794000',NULL),(-7155031208198677208,33,'2023-10-29 20:59:37.154000',_binary '','2023-10-29 20:44:37.154000',NULL),(-7130733753589995770,51,'2023-10-31 11:42:37.084000',_binary '','2023-10-31 11:27:37.084000',NULL),(-7117288246196798938,39,'2023-10-31 21:09:32.503000',_binary '\0','2023-10-31 11:09:32.503000',NULL),(-7107629432405136623,51,'2023-10-31 21:17:08.760000',_binary '\0','2023-10-31 11:17:08.760000','2023-10-31 11:17:13.424000'),(-7104894351629350642,54,'2023-10-31 14:17:50.981000',_binary '','2023-10-31 14:02:50.981000',NULL),(-7102306573145007829,75,'2023-11-21 00:12:03.782000',_binary '','2023-11-20 23:57:03.782000',NULL),(-7081500045236017581,74,'2023-11-21 00:46:20.239000',_binary '','2023-11-21 00:31:20.239000',NULL),(-7066572339383382754,39,'2023-10-31 05:56:55.741000',_binary '\0','2023-10-30 19:56:55.741000','2023-10-30 19:57:09.340000'),(-7051958917399030099,39,'2023-10-30 14:52:23.889000',_binary '','2023-10-30 14:37:23.889000',NULL),(-7039137394270305781,39,'2023-10-31 06:27:35.753000',_binary '\0','2023-10-30 20:27:35.753000','2023-10-30 20:28:04.483000'),(-7026272640667848374,51,'2023-10-31 11:12:06.319000',_binary '','2023-10-31 10:57:06.319000',NULL),(-7024409533912135473,66,'2023-11-01 16:51:21.286000',_binary '\0','2023-11-01 06:51:21.286000',NULL),(-6993778230929701304,11,'2023-11-20 20:14:46.540000',_binary '','2023-11-20 19:59:46.540000',NULL),(-6981355841995244848,59,'2023-10-31 22:33:20.341000',_binary '\0','2023-10-31 12:33:20.341000',NULL),(-6975105505987406626,79,'2023-12-11 01:37:10.319000',_binary '','2023-12-11 01:22:10.319000',NULL),(-6963279312649206637,75,'2023-11-21 22:24:34.221000',_binary '\0','2023-11-21 12:24:34.221000',NULL),(-6917251700986148656,11,'2023-10-30 22:47:30.153000',_binary '\0','2023-10-30 12:47:30.153000',NULL),(-6883852570782939494,57,'2023-11-02 19:00:00.460000',_binary '','2023-11-02 18:45:00.460000',NULL),(-6856690788171100126,11,'2023-10-30 16:55:43.692000',_binary '','2023-10-30 16:40:43.692000',NULL),(-6842512318477814281,39,'2023-10-30 21:18:21.338000',_binary '','2023-10-30 21:03:21.338000',NULL),(-6826696145999375868,39,'2023-10-31 06:21:18.990000',_binary '\0','2023-10-30 20:21:18.990000',NULL),(-6789768817703131961,11,'2023-11-12 19:38:57.180000',_binary '','2023-11-12 19:23:57.180000',NULL),(-6767199470857597849,75,'2023-11-21 09:15:16.291000',_binary '\0','2023-11-20 23:15:16.291000',NULL),(-6765143237632146001,11,'2023-10-30 16:56:09.520000',_binary '','2023-10-30 16:41:09.520000',NULL),(-6749690564816921337,51,'2023-10-31 21:38:54.430000',_binary '\0','2023-10-31 11:38:54.430000',NULL),(-6731475714015021597,45,'2023-10-31 11:56:52.907000',_binary '\0','2023-10-31 01:56:52.907000','2023-10-31 01:56:58.628000'),(-6684928149382532477,51,'2023-10-31 21:29:27.847000',_binary '\0','2023-10-31 11:29:27.847000','2023-10-31 11:29:30.930000'),(-6679151995292809327,34,'2023-10-30 06:58:27.426000',_binary '\0','2023-10-29 20:58:27.426000','2023-10-29 20:59:23.873000'),(-6652709006569330068,59,'2023-10-31 23:57:06.777000',_binary '\0','2023-10-31 13:57:06.777000','2023-10-31 13:57:45.840000'),(-6649734920169961640,75,'2023-11-21 10:26:15.409000',_binary '\0','2023-11-21 00:26:15.409000',NULL),(-6641609792624528887,45,'2023-10-31 19:09:53.150000',_binary '\0','2023-10-31 09:09:53.150000','2023-10-31 09:10:21.680000'),(-6630810956834972915,62,'2023-10-31 21:49:25.240000',_binary '\0','2023-10-31 11:49:25.240000','2023-10-31 11:49:37.651000'),(-6613270742246457047,75,'2023-11-23 07:35:15.700000',_binary '\0','2023-11-22 21:35:15.700000',NULL),(-6585048323727886870,39,'2023-10-30 20:11:55.741000',_binary '','2023-10-30 19:56:55.741000',NULL),(-6582647209061307710,59,'2023-10-31 14:35:17.742000',_binary '','2023-10-31 14:20:17.742000',NULL),(-6575258867470666856,33,'2023-10-30 06:52:04.619000',_binary '\0','2023-10-29 20:52:04.619000','2023-10-29 20:54:47.222000'),(-6563882820889252303,59,'2023-10-31 21:35:48.093000',_binary '\0','2023-10-31 11:35:48.093000',NULL),(-6560772850058618400,79,'2023-12-10 23:44:11.449000',_binary '','2023-12-10 23:29:11.449000',NULL),(-6552829129770268685,39,'2023-10-31 06:26:18.117000',_binary '\0','2023-10-30 20:26:18.117000',NULL),(-6547859412038157582,54,'2023-10-31 11:45:59.130000',_binary '','2023-10-31 11:30:59.130000',NULL),(-6517685860269086415,75,'2023-11-21 09:57:03.782000',_binary '\0','2023-11-20 23:57:03.782000',NULL),(-6509768412320280611,34,'2023-10-29 21:12:24.605000',_binary '','2023-10-29 20:57:24.605000',NULL),(-6507774975833500931,39,'2023-10-31 20:38:39.654000',_binary '\0','2023-10-31 10:38:39.654000','2023-10-31 10:39:05.936000'),(-6500761381514472897,54,'2023-10-31 11:42:35.813000',_binary '','2023-10-31 11:27:35.813000',NULL),(-6497248595774856486,59,'2023-11-01 00:57:05.862000',_binary '\0','2023-10-31 14:57:05.862000','2023-10-31 14:57:13.665000'),(-6493446207151906070,11,'2023-11-13 03:22:18.320000',_binary '\0','2023-11-12 17:22:18.320000',NULL),(-6486249652886170928,46,'2023-10-31 11:55:12.017000',_binary '\0','2023-10-31 01:55:12.017000','2023-10-31 01:56:01.219000'),(-6467129599756529149,59,'2023-11-01 00:40:53.534000',_binary '\0','2023-10-31 14:40:53.534000','2023-10-31 14:41:09.658000'),(-6457991920263964965,59,'2023-10-31 11:50:48.093000',_binary '','2023-10-31 11:35:48.093000',NULL),(-6457311585412751515,33,'2023-10-29 20:57:37.309000',_binary '','2023-10-29 20:42:37.309000',NULL),(-6449035258821344103,75,'2023-11-21 12:35:49.739000',_binary '','2023-11-21 12:20:49.739000',NULL),(-6436611979511209239,27,'2023-10-30 05:56:37.705000',_binary '\0','2023-10-29 19:56:37.705000',NULL),(-6425032277646711249,75,'2023-11-21 10:42:14.699000',_binary '\0','2023-11-21 00:42:14.699000',NULL),(-6408738249075117633,59,'2023-10-31 15:12:05.862000',_binary '','2023-10-31 14:57:05.862000',NULL),(-6370717447114907860,11,'2023-10-31 11:24:37.773000',_binary '\0','2023-10-31 01:24:37.773000',NULL),(-6367636626136451848,51,'2023-10-31 20:57:06.319000',_binary '\0','2023-10-31 10:57:06.319000',NULL),(-6363418257885039718,45,'2023-10-31 09:24:53.150000',_binary '','2023-10-31 09:09:53.150000',NULL),(-6354281887486816461,59,'2023-10-31 22:29:25.036000',_binary '\0','2023-10-31 12:29:25.036000',NULL),(-6341468719988648736,53,'2023-10-31 18:44:33.327000',_binary '\0','2023-10-31 08:44:33.327000','2023-10-31 08:45:04.132000'),(-6334124302036861260,75,'2023-11-21 13:09:09.273000',_binary '','2023-11-21 12:54:09.273000',NULL),(-6331171517212106143,71,'2023-11-20 08:59:22.355000',_binary '\0','2023-11-19 22:59:22.355000',NULL),(-6312228121249170548,11,'2023-10-31 02:38:26.376000',_binary '\0','2023-10-30 16:38:26.376000',NULL),(-6309077227647286650,38,'2023-10-30 13:06:31.456000',_binary '','2023-10-30 12:51:31.456000',NULL),(-6286394249224123961,34,'2023-10-29 21:13:27.426000',_binary '','2023-10-29 20:58:27.426000',NULL),(-6258361659184447267,39,'2023-10-31 07:03:21.338000',_binary '\0','2023-10-30 21:03:21.338000',NULL),(-6212360492672998463,59,'2023-10-31 22:43:13.021000',_binary '\0','2023-10-31 12:43:13.021000','2023-10-31 12:44:08.235000'),(-6212358835196062767,51,'2023-10-31 09:10:19.585000',_binary '','2023-10-31 08:55:19.585000',NULL),(-6207499685106363441,79,'2023-12-11 11:39:41.935000',_binary '\0','2023-12-11 01:39:41.935000',NULL),(-6191815017043371474,54,'2023-10-31 21:28:13.194000',_binary '\0','2023-10-31 11:28:13.194000',NULL),(-6190778491305419477,11,'2023-11-13 01:55:39.994000',_binary '\0','2023-11-12 15:55:39.994000',NULL),(-6182904009019433948,11,'2023-11-12 17:44:27.408000',_binary '','2023-11-12 17:29:27.408000',NULL),(-6182143337281343245,28,'2023-10-29 20:17:59.083000',_binary '','2023-10-29 20:02:59.083000',NULL),(-6173955480469113092,39,'2023-10-30 20:17:04.878000',_binary '','2023-10-30 20:02:04.878000',NULL),(-6163029112946695239,59,'2023-10-31 15:07:27.954000',_binary '','2023-10-31 14:52:27.954000',NULL),(-6162728889320723240,71,'2023-11-19 23:14:22.355000',_binary '','2023-11-19 22:59:22.355000',NULL),(-6155841080828750223,74,'2023-11-22 22:25:43.056000',_binary '','2023-11-22 22:10:43.056000',NULL),(-6144757898299523730,39,'2023-10-30 20:36:18.990000',_binary '','2023-10-30 20:21:18.990000',NULL),(-6142333300245186170,32,'2023-10-29 20:54:33.560000',_binary '','2023-10-29 20:39:33.560000',NULL),(-6132374973274139668,74,'2023-11-23 08:10:43.056000',_binary '\0','2023-11-22 22:10:43.056000',NULL),(-6120408080538932697,75,'2023-11-21 12:50:30.805000',_binary '','2023-11-21 12:35:30.805000',NULL),(-6120066180538233769,45,'2023-10-31 02:11:52.907000',_binary '','2023-10-31 01:56:52.907000',NULL),(-6105356890450997772,11,'2023-10-31 02:40:43.692000',_binary '\0','2023-10-30 16:40:43.692000',NULL),(-6080333482955244522,11,'2023-10-30 22:34:02.466000',_binary '\0','2023-10-30 12:34:02.466000',NULL),(-6072834268390816512,78,'2023-11-21 12:15:49.066000',_binary '\0','2023-11-21 02:15:49.066000',NULL),(-6067600942387684981,22,'2023-10-29 19:12:04.190000',_binary '','2023-10-29 18:57:04.190000',NULL),(-6061244860534710649,51,'2023-11-01 00:42:48.583000',_binary '\0','2023-10-31 14:42:48.583000','2023-10-31 14:51:18.875000'),(-6058927073249595634,11,'2023-10-31 18:23:33.737000',_binary '\0','2023-10-31 08:23:33.737000',NULL),(-6058404059343154577,11,'2023-10-30 16:51:26.533000',_binary '','2023-10-30 16:36:26.533000',NULL),(-6052730835751011540,11,'2023-10-30 16:56:02.877000',_binary '','2023-10-30 16:41:02.877000',NULL),(-6045626950471241743,26,'2023-10-29 20:03:49.321000',_binary '','2023-10-29 19:48:49.321000',NULL),(-6006669949894020856,28,'2023-10-30 06:02:59.083000',_binary '\0','2023-10-29 20:02:59.083000',NULL),(-5998103112314589985,79,'2023-12-11 09:29:11.449000',_binary '\0','2023-12-10 23:29:11.449000',NULL),(-5994585434227816815,79,'2023-12-11 10:41:45.077000',_binary '\0','2023-12-11 00:41:45.077000',NULL),(-5990180739942405808,51,'2023-10-31 14:57:48.583000',_binary '','2023-10-31 14:42:48.583000',NULL),(-5987946099495246962,59,'2023-10-31 12:58:13.021000',_binary '','2023-10-31 12:43:13.021000',NULL),(-5961535033237763110,75,'2023-11-21 12:26:22.248000',_binary '','2023-11-21 12:11:22.248000',NULL),(-5951129726147074186,33,'2023-10-30 06:51:41.051000',_binary '\0','2023-10-29 20:51:41.051000',NULL),(-5934556661259363405,74,'2023-11-22 22:44:04.289000',_binary '','2023-11-22 22:29:04.289000',NULL),(-5923509949968165787,11,'2023-11-12 16:10:39.994000',_binary '','2023-11-12 15:55:39.994000',NULL),(-5892692250212328427,11,'2023-10-31 08:08:56.818000',_binary '','2023-10-31 07:53:56.818000',NULL),(-5887345117924827887,11,'2023-10-30 22:46:25.289000',_binary '\0','2023-10-30 12:46:25.289000',NULL),(-5881857153333355092,33,'2023-10-30 06:46:30.957000',_binary '\0','2023-10-29 20:46:30.957000',NULL),(-5877565323099846106,39,'2023-10-30 20:42:35.753000',_binary '','2023-10-30 20:27:35.753000',NULL),(-5868931671872028369,59,'2023-10-31 14:25:53.384000',_binary '','2023-10-31 14:10:53.384000',NULL),(-5836194818582139048,53,'2023-10-31 19:09:26.344000',_binary '\0','2023-10-31 09:09:26.344000','2023-10-31 09:09:47.744000'),(-5824082299780559361,54,'2023-10-31 11:43:13.194000',_binary '','2023-10-31 11:28:13.194000',NULL),(-5818092228789510266,59,'2023-10-31 12:44:25.036000',_binary '','2023-10-31 12:29:25.036000',NULL),(-5815237723172260577,79,'2023-12-11 00:25:41.406000',_binary '','2023-12-11 00:10:41.406000',NULL),(-5798112863124371259,50,'2023-10-31 09:11:45.328000',_binary '','2023-10-31 08:56:45.328000',NULL),(-5794244152029289970,11,'2023-10-30 13:01:25.289000',_binary '','2023-10-30 12:46:25.289000',NULL),(-5768801227441502263,59,'2023-10-31 14:13:00.133000',_binary '','2023-10-31 13:58:00.133000',NULL),(-5758207880265581427,11,'2023-10-31 02:41:09.520000',_binary '\0','2023-10-30 16:41:09.520000',NULL),(-5746806357904046049,78,'2023-11-21 02:30:49.066000',_binary '','2023-11-21 02:15:49.066000',NULL),(-5736354312253173519,75,'2023-11-22 21:13:12.106000',_binary '','2023-11-22 20:58:12.106000',NULL),(-5728752943770594077,39,'2023-10-30 20:46:45.119000',_binary '','2023-10-30 20:31:45.119000',NULL),(-5715820408047846342,11,'2023-10-31 08:30:44.419000',_binary '','2023-10-31 08:15:44.419000',NULL),(-5711985694444973822,39,'2023-10-31 14:02:24.454000',_binary '','2023-10-31 13:47:24.454000',NULL),(-5705865361430312284,79,'2023-12-10 23:43:46.956000',_binary '','2023-12-10 23:28:46.956000',NULL),(-5670967263032859716,39,'2023-10-31 06:57:46.297000',_binary '\0','2023-10-30 20:57:46.297000',NULL),(-5662555361188973678,39,'2023-10-30 20:41:18.117000',_binary '','2023-10-30 20:26:18.117000',NULL),(-5619848265397672183,62,'2023-10-31 21:47:55.463000',_binary '\0','2023-10-31 11:47:55.463000',NULL),(-5619032155200927279,39,'2023-10-30 21:12:46.676000',_binary '','2023-10-30 20:57:46.676000',NULL),(-5615122864801439371,33,'2023-10-30 06:44:33.966000',_binary '\0','2023-10-29 20:44:33.966000',NULL),(-5598874047187659224,59,'2023-10-31 14:33:54.911000',_binary '','2023-10-31 14:18:54.911000',NULL),(-5554786491887325398,79,'2023-12-11 10:10:41.406000',_binary '\0','2023-12-11 00:10:41.406000',NULL),(-5550479124332032139,30,'2023-10-30 06:09:15.482000',_binary '\0','2023-10-29 20:09:15.482000',NULL),(-5533874309167887353,75,'2023-11-21 22:11:22.248000',_binary '\0','2023-11-21 12:11:22.248000',NULL),(-5526136601505122959,79,'2023-12-11 10:43:31.242000',_binary '\0','2023-12-11 00:43:31.242000',NULL),(-5516396756533817126,45,'2023-10-31 11:35:52.950000',_binary '\0','2023-10-31 01:35:52.950000','2023-10-31 01:36:03.469000'),(-5486947610656236262,59,'2023-10-31 15:07:48.114000',_binary '','2023-10-31 14:52:48.114000',NULL),(-5480632528628830767,79,'2023-12-10 23:58:47.709000',_binary '','2023-12-10 23:43:47.709000',NULL),(-5470665600769903654,39,'2023-10-31 07:01:24.984000',_binary '\0','2023-10-30 21:01:24.984000','2023-10-30 21:01:40.241000'),(-5467723323766742375,59,'2023-10-31 12:48:28.178000',_binary '','2023-10-31 12:33:28.178000',NULL),(-5463633372286203353,75,'2023-11-23 08:09:44.750000',_binary '\0','2023-11-22 22:09:44.750000',NULL),(-5454094331645861841,54,'2023-10-31 21:30:59.130000',_binary '\0','2023-10-31 11:30:59.130000','2023-10-31 11:31:04.373000'),(-5423810103236263763,75,'2023-11-21 08:51:40.567000',_binary '\0','2023-11-20 22:51:40.567000',NULL),(-5412803159454706094,32,'2023-10-30 06:39:33.560000',_binary '\0','2023-10-29 20:39:33.560000',NULL),(-5403848686590683479,39,'2023-10-31 11:30:31.746000',_binary '\0','2023-10-31 01:30:31.746000',NULL),(-5398802713197898233,75,'2023-11-21 22:54:09.273000',_binary '\0','2023-11-21 12:54:09.273000',NULL),(-5397343592528771701,74,'2023-11-21 00:46:05.583000',_binary '','2023-11-21 00:31:05.583000',NULL),(-5365652735256128676,23,'2023-10-30 05:03:44.937000',_binary '\0','2023-10-29 19:03:44.937000',NULL),(-5356870374223140686,59,'2023-10-31 14:54:44.387000',_binary '','2023-10-31 14:39:44.387000',NULL),(-5356700331046495808,39,'2023-10-31 10:54:15.604000',_binary '','2023-10-31 10:39:15.604000',NULL),(-5348033979998515603,59,'2023-10-31 12:48:20.341000',_binary '','2023-10-31 12:33:20.341000',NULL),(-5343303506485099377,65,'2023-11-01 00:41:33.531000',_binary '\0','2023-10-31 14:41:33.531000',NULL),(-5329018202998093327,54,'2023-10-31 21:27:35.813000',_binary '\0','2023-10-31 11:27:35.813000',NULL),(-5328209401354140318,11,'2023-11-13 03:29:27.408000',_binary '\0','2023-11-12 17:29:27.408000',NULL),(-5324574316648356735,53,'2023-10-31 09:24:26.344000',_binary '','2023-10-31 09:09:26.344000',NULL),(-5319961619765182521,39,'2023-10-31 11:29:53.649000',_binary '\0','2023-10-31 01:29:53.649000','2023-10-31 01:30:01.609000'),(-5311875267944944856,75,'2023-11-21 22:35:30.805000',_binary '\0','2023-11-21 12:35:30.805000',NULL),(-5307566911487861969,39,'2023-11-05 11:52:21.182000',_binary '','2023-11-05 11:37:21.182000',NULL),(-5281463619383494726,39,'2023-10-31 00:37:23.889000',_binary '\0','2023-10-30 14:37:23.889000','2023-10-30 14:37:33.190000'),(-5277590759940396421,11,'2023-11-13 05:23:57.180000',_binary '\0','2023-11-12 19:23:57.180000',NULL),(-5239090891097258585,75,'2023-11-21 10:34:40.959000',_binary '\0','2023-11-21 00:34:40.959000',NULL),(-5224881919170861333,45,'2023-10-31 01:55:18.613000',_binary '','2023-10-31 01:40:18.613000',NULL),(-5212594274930483963,62,'2023-10-31 12:02:55.463000',_binary '','2023-10-31 11:47:55.463000',NULL),(-5192659713025997613,33,'2023-10-29 21:01:30.957000',_binary '','2023-10-29 20:46:30.957000',NULL),(-5187613842998453318,39,'2023-10-31 23:47:24.454000',_binary '\0','2023-10-31 13:47:24.454000',NULL),(-5159462532580022113,26,'2023-10-30 05:48:49.321000',_binary '\0','2023-10-29 19:48:49.321000',NULL),(-5133693857074440176,79,'2023-12-11 00:58:31.242000',_binary '','2023-12-11 00:43:31.242000',NULL),(-5118651440019080756,75,'2023-11-22 01:31:22.081000',_binary '\0','2023-11-21 15:31:22.081000',NULL),(-5108170345990674752,75,'2023-11-20 23:06:40.567000',_binary '','2023-11-20 22:51:40.567000',NULL),(-5097698714982028421,39,'2023-10-31 06:21:19.175000',_binary '\0','2023-10-30 20:21:19.175000','2023-10-30 20:25:19.421000'),(-5086343218644852186,75,'2023-11-23 06:58:12.106000',_binary '\0','2023-11-22 20:58:12.106000',NULL),(-5057742425829923752,11,'2023-11-21 05:59:46.540000',_binary '\0','2023-11-20 19:59:46.540000',NULL),(-4968592450078044847,59,'2023-11-01 00:52:48.114000',_binary '\0','2023-10-31 14:52:48.114000','2023-10-31 14:55:44.613000'),(-4961079049219770045,59,'2023-10-31 14:55:53.534000',_binary '','2023-10-31 14:40:53.534000',NULL),(-4959362338306789936,11,'2023-10-30 03:15:56.077000',_binary '\0','2023-10-29 17:15:56.077000','2023-10-29 20:47:50.543000'),(-4944732738006902936,59,'2023-11-01 00:52:27.954000',_binary '\0','2023-10-31 14:52:27.954000',NULL),(-4902868812881158331,53,'2023-10-31 08:59:33.327000',_binary '','2023-10-31 08:44:33.327000',NULL),(-4892243864594554343,11,'2023-10-31 08:30:50.343000',_binary '','2023-10-31 08:15:50.343000',NULL),(-4883896015019451273,11,'2023-10-30 03:15:10.569000',_binary '\0','2023-10-29 17:15:10.569000',NULL),(-4865619776331386004,11,'2023-11-12 17:37:09.253000',_binary '','2023-11-12 17:22:09.253000',NULL),(-4863138156709423334,75,'2023-11-21 09:41:18.105000',_binary '\0','2023-11-20 23:41:18.105000',NULL),(-4853154618013786156,45,'2023-10-31 11:52:10.945000',_binary '\0','2023-10-31 01:52:10.945000','2023-10-31 01:52:15.950000'),(-4851092210988309344,50,'2023-10-31 18:57:19.772000',_binary '\0','2023-10-31 08:57:19.772000',NULL),(-4830389075785243465,51,'2023-10-31 11:32:08.760000',_binary '','2023-10-31 11:17:08.760000',NULL),(-4812164476684553584,79,'2023-12-11 00:58:23.677000',_binary '','2023-12-11 00:43:23.677000',NULL),(-4788180287367195216,33,'2023-10-29 20:59:33.966000',_binary '','2023-10-29 20:44:33.966000',NULL),(-4774825098176891523,59,'2023-11-01 00:10:53.384000',_binary '\0','2023-10-31 14:10:53.384000','2023-10-31 14:13:30.704000'),(-4773977318410800749,11,'2023-11-21 07:47:21.231000',_binary '\0','2023-11-20 21:47:21.231000',NULL),(-4770295871135775308,59,'2023-10-31 12:31:19.498000',_binary '','2023-10-31 12:16:19.498000',NULL),(-4767964915339181067,11,'2023-11-12 23:48:27.274000',_binary '','2023-11-12 23:33:27.274000',NULL),(-4764818902098478181,38,'2023-10-30 22:51:31.456000',_binary '\0','2023-10-30 12:51:31.456000',NULL),(-4755020079123000954,51,'2023-10-31 11:44:27.847000',_binary '','2023-10-31 11:29:27.847000',NULL),(-4751815205346901185,39,'2023-10-31 12:41:11.052000',_binary '','2023-10-31 12:26:11.052000',NULL),(-4748501640338632673,79,'2023-12-11 01:52:05.510000',_binary '','2023-12-11 01:37:05.510000',NULL),(-4737670011215347753,11,'2023-11-13 03:22:09.253000',_binary '\0','2023-11-12 17:22:09.253000',NULL),(-4737441424605746162,75,'2023-11-21 22:20:49.739000',_binary '\0','2023-11-21 12:20:49.739000',NULL),(-4720120979858386160,39,'2023-10-31 06:02:04.878000',_binary '\0','2023-10-30 20:02:04.878000','2023-10-30 20:09:44.361000'),(-4713614595382921236,39,'2023-10-31 11:24:32.503000',_binary '','2023-10-31 11:09:32.503000',NULL),(-4705296779765364993,75,'2023-11-21 00:25:04.977000',_binary '','2023-11-21 00:10:04.977000',NULL),(-4692330638882333279,74,'2023-11-22 21:36:25.397000',_binary '','2023-11-22 21:21:25.397000',NULL),(-4672586448103844562,11,'2023-10-29 17:30:56.077000',_binary '','2023-10-29 17:15:56.077000',NULL),(-4658633024602572402,59,'2023-11-01 00:39:44.387000',_binary '\0','2023-10-31 14:39:44.387000',NULL),(-4619352220845829576,79,'2023-12-11 10:43:23.677000',_binary '\0','2023-12-11 00:43:23.677000',NULL),(-4615700283163645714,11,'2023-10-29 17:30:10.569000',_binary '','2023-10-29 17:15:10.569000',NULL);
/*!40000 ALTER TABLE `enigma_jwt` ENABLE KEYS */;
UNLOCK TABLES;

--
-- Table structure for table `enigma_user`
--

DROP TABLE IF EXISTS `enigma_user`;
/*!40101 SET @saved_cs_client     = @@character_set_client */;
/*!50503 SET character_set_client = utf8mb4 */;
CREATE TABLE `enigma_user` (
  `id` bigint NOT NULL AUTO_INCREMENT,
  `audience_type` varchar(255) DEFAULT NULL,
  `birthday` date DEFAULT NULL,
  `create_time` datetime(6) DEFAULT NULL,
  `delete_time` datetime(6) DEFAULT NULL,
  `email` varchar(255) DEFAULT NULL,
  `is_deleted` bit(1) DEFAULT NULL,
  `is_verified` bit(1) DEFAULT NULL,
  `password` varchar(255) DEFAULT NULL,
  `username` varchar(255) DEFAULT NULL,
  `name` varchar(255) DEFAULT NULL,
  PRIMARY KEY (`id`)
) ENGINE=InnoDB AUTO_INCREMENT=80 DEFAULT CHARSET=utf8mb4 COLLATE=utf8mb4_0900_ai_ci;
/*!40101 SET character_set_client = @saved_cs_client */;

--
-- Dumping data for table `enigma_user`
--

LOCK TABLES `enigma_user` WRITE;
/*!40000 ALTER TABLE `enigma_user` DISABLE KEYS */;
INSERT INTO `enigma_user` VALUES (1,'user','2002-10-11','2023-10-29 01:59:00.311000',NULL,'info@bunchup.com.tr',_binary '\0',_binary '\0','$2a$10$eCgZd44HLsPJ2ZM9djZHBeETEfxoVkBE7j56O3K0mJcv4bGeOFhf.','info23',NULL),(2,'user','2002-10-11','2023-10-29 01:59:11.888000',NULL,'info@bunchup.com.tr',_binary '\0',_binary '\0','$2a$10$T43KBdHNucwO9By4c74YkuYZYXYZB7cNjaSVZ43ueiOd29jvHYEYu','info23',NULL),(7,'user','2002-10-11','2023-10-29 18:30:02.538000',NULL,'info@bunchup.com.tr',_binary '\0',_binary '\0','$2a$10$bcx4yCHxa57LpzD/SuXY2un/00vhET8SMn2oPe49HoFTPucGwxQ/K','info23',NULL),(8,'user','2002-10-11','2023-10-29 18:37:54.168000',NULL,'hasankucuk238@gmail.com',_binary '\0',_binary '\0','$2a$10$vPmf8kucdePmbi3PXPGIweLNbiRAPptT6ltOLi2sEOB6PUwuJO84S','info23',NULL),(9,'user','2002-10-11','2023-10-29 17:00:01.298000',NULL,'hasankucuk238@gmail.com',_binary '\0',_binary '\0','$2a$10$p8U557VBJ.yLh8wiNmcPiuXTc7dtHFCQfNfI1zSf54hqYaSxnduE.','info23',NULL),(10,'user','2002-10-11','2023-10-29 17:10:34.234000',NULL,'hasankucuk238@gmail.com',_binary '\0',_binary '\0','$2a$10$IO0RxYzRvwb5pXXsuZ5qg.GxIRN9mtB30SMcW1MKxje52ZK2rB41a','info23',NULL),(11,'user','2002-10-11','2023-10-29 17:14:43.637000',NULL,'hasankucuk238@gmail.com',_binary '\0',_binary '','$2a$10$rjHA7d83sTjK1JyWi1hwYeO7BUU9FYEKH0x5vruzpobXyRQ/Vwri.','info23',NULL),(12,'user','2002-10-11','2023-10-29 17:20:26.544000',NULL,'rewejo5744@hondabbs.com',_binary '\0',_binary '\0','$2a$10$Sj9w4sEOyUJo1AiOPC1GHezpGoO00Ow91xzmpX9W1sTKqF.D8UUWK','rewe',NULL),(13,'user','2002-10-11','2023-10-29 17:47:20.189000',NULL,'rewejo5744@hondabbs.com',_binary '\0',_binary '\0','$2a$10$BmhPOq03qg/Tf.UhGiOdS.aQdkg9VqtQDHKhiqUy.w8LQ12XLywdS','rewe',NULL),(14,'user','2002-10-11','2023-10-29 17:51:34.072000',NULL,'rewejo5744@hondabbs.com',_binary '\0',_binary '\0','$2a$10$XzZMJxnq3ke1erdQinIkLuF11XYPPunYIqnoAU3zXK2zFOgC36QKG','rewe',NULL),(15,'user','2002-10-11','2023-10-29 17:54:37.042000',NULL,'rewejo5744@hondabbs.com',_binary '\0',_binary '\0','$2a$10$S0MHIo2o41YGIxmFAnN.ue/hhSnr/Ld2wd8F6SfaGwnbcJg6e35ze','rewe',NULL),(16,'user','2002-10-11','2023-10-29 17:54:46.218000',NULL,'rewejo5744@hondabbs.com',_binary '\0',_binary '\0','$2a$10$W1ldeyURnMm46zuvGKkc/O9OwBa1gYweX40FgiMlL0K21w4YpNljy','rewe',NULL),(17,'user','2002-10-11','2023-10-29 17:54:49.166000',NULL,'rewejo5744@hondabbs.com',_binary '\0',_binary '\0','$2a$10$9PGIv/14zl9Mx/e.s7CEZuxs0f95Xyxx9jnVNS2j6YXNI967sC2FC','rewe',NULL),(18,'user','2002-10-11','2023-10-29 18:04:20.143000',NULL,'rewejo5744@hondabbs.com',_binary '\0',_binary '\0','$2a$10$ZgSgojBfJRapk/sBoScupeF/Ddjypn33/RqMgfnWP/ofnev50gxUS','rewe',NULL),(19,'user','2002-10-11','2023-10-29 18:04:41.890000',NULL,'rewejo5744@hondabbs.com',_binary '\0',_binary '\0','$2a$10$lyGS8.F//sPaqFBGyH/ytuKsGa9u2p.48BjfNWWvLLQWf55aVmIMy','rewe',NULL),(20,'user','2002-10-11','2023-10-29 18:07:27.991000',NULL,'rewejo5744@hondabbs.com',_binary '\0',_binary '\0','$2a$10$xCC6CSw9RSY7CFxJxE2JoetR9PROIiFr.VN5ZZv5S3aIqSIYoBQLq','rewe',NULL),(21,'user','2001-05-01','2023-10-29 18:14:22.202000',NULL,'alabeybb@gmail.com',_binary '\0',_binary '','$2a$10$Vk4bUN83htgP.IObEtjTwuZhaeoE4DR9jcgMSEh/eLblm4USxlrh6','bahri.alabey',NULL),(22,'user','1231-03-12','2023-10-29 18:50:53.912000',NULL,'jilogij363@zamaneta.com',_binary '\0',_binary '','$2a$10$erPyIHV3xxr/FP0rzBfLuOkiXxD24RVUgLySRvmkp9jFjh6MIIRva','bahri',NULL),(23,'user','2023-10-06','2023-10-29 19:03:20.216000',NULL,'hetrutudro@gufum.com',_binary '\0',_binary '','$2a$10$giKD0.iyMPV/XO6G4hqF6uAMLG.s.6TR019bZyFADQ8n9qlcIUury','123',NULL),(24,'user','1231-03-12','2023-10-29 19:30:42.139000',NULL,'zekynefa@hexi.pics',_binary '\0',_binary '\0','$2a$10$hFpn.tj/NYU4LYqKeuBBauNtrwsff.yRiS.pyjZYbUo.qbaIoM2F6','bahri123',NULL),(25,'user','1231-03-12','2023-10-29 19:32:06.026000',NULL,'pekkasirko@gufum.com',_binary '\0',_binary '','$2a$10$YIFOLtSRMOTAlxZ.n5qb1.I4KMaQQqbudZ2e.V0ZmItS64n6rFbIC','bahri12312',NULL),(26,'user','1231-03-12','2023-10-29 19:48:21.648000',NULL,'hiknabarza@gufum.com',_binary '\0',_binary '','$2a$10$xZhtHtCitAyQlPeA7a9Wq.Tg2K1/LIqESP0ZduswlO/9s4xXPQTx6','asdasd',NULL),(27,'user','1231-03-12','2023-10-29 19:56:03.329000',NULL,'custagultu@gufum.com',_binary '\0',_binary '','$2a$10$XDVZeak0bj7QbAVSVobRIOvalCholA/Mnuk1zjyg3LUeZmR9vThbO','asdasd1',NULL),(28,'user','2122-02-12','2023-10-29 20:02:20.529000',NULL,'biltugekku@gufum.com',_binary '\0',_binary '','$2a$10$G0LK576EhC0zp/gl2jZyBe7jK2yBx7ULz7K4esAcHo26VRLyeNApG','12312',NULL),(29,'user','3123-02-12','2023-10-29 20:08:14.101000',NULL,'biltugekku+1@gufum.com',_binary '\0',_binary '\0','$2a$10$VWNCPcT2Y8NmW6./rWm3JuD13c43ER2I6Z82E9s1YDBTHerSc1VT2','021301',NULL),(30,'user','3123-02-12','2023-10-29 20:08:55.842000',NULL,'gastenifye@gufum.com',_binary '\0',_binary '','$2a$10$IPkuefdqKHesQQRoDD56r.51ijMqYDNbBZotzUhJn8gwc3b3f23b2','021301',NULL),(31,'user','3123-02-12','2023-10-29 20:15:11.763000',NULL,'sosteruste@gufum.com',_binary '\0',_binary '','$2a$10$X2iUTmem17dOMBd96jjlAeHKHkCWJOCt20yn2ZfFI8Bj76QjFScr2','0213010',NULL),(32,'user','3123-02-12','2023-10-29 20:39:17.408000',NULL,'murkovulmu@gufum.com',_binary '\0',_binary '','$2a$10$WJn0/Ec9nTl823sslc3DaOUooQqXTJybDEz.YKG1MbZsrn9FEFR5u','fkas12',NULL),(33,'user','3121-02-12','2023-10-29 20:42:19.873000',NULL,'cerzanifyi@gufum.com',_binary '\0',_binary '','$2a$10$IKH7QmSolTAREMy6CvINte7fdpqkASEzpRZutiJ618lRJHbVmkFne','oaooaso1',NULL),(34,'user','2312-03-12','2023-10-29 20:55:29.942000',NULL,'mudratikno@gufum.com',_binary '\0',_binary '','$2a$10$oxqOKyleAwvQyb1jx2CEFeWarKYDu0/dFFC7xQEglffrMoAeKiWQi','覺覺覺覺',NULL),(35,'user','1231-03-12','2023-10-29 20:59:56.268000',NULL,'fagnokekki@gufum.com',_binary '\0',_binary '\0','$2a$10$d7OWGSFo0J035WXyCvxS5uLhZK2xZVygqXzIv7dv1LHfGqjzGPTmq','123321',NULL),(36,'user','1999-11-30','2023-10-30 11:38:24.357000',NULL,'ascengineersion@gmail.com',_binary '\0',_binary '\0','$2a$10$61m.DvvP5ewYN.E1ZuNFV.iyuoNkEHHOlE0Z6m2hwQqdkDuuMi0SC','asc',NULL),(37,'user','1999-11-30','2023-10-30 11:39:53.502000',NULL,'ascengineersion@gmail.com',_binary '\0',_binary '\0','$2a$10$HqBFvag3sCx/SKmi4IgFCO.bzCBsBy1qOK7OKT76I/jy.SE2ao2pS','asc',NULL),(38,'user','2002-10-11','2023-10-30 12:50:21.887000',NULL,'mobesip574@soebing.com',_binary '\0',_binary '','$2a$10$rpoOC7qFqHoJW6bGNiqLf.Sny6tdvlT3XjtjtwCSSaARoa2hEFTX2','rewssse',NULL),(39,'user','2000-10-10','2023-10-30 13:50:30.226000',NULL,'cmpe352.d1@gmail.com',_binary '\0',_binary '','$2a$10$ovJ1DMddDyQlFZggDAVfYedD3S3tUiUN6iOmmcfU3DoRjq88NhJJW','furkanozcelik',NULL),(40,'user','2002-10-11','2023-10-30 16:59:24.182000',NULL,'mobesiasdsadsaddp574@soebing.com',_binary '\0',_binary '','$2a$10$lrbH9Ar2bvfNvtkr5gC.5.XU.7DNK0/rga5GOFLLKq.NGXy/ReIvO','rewsssssse',NULL),(41,'user','1990-10-10','2023-10-30 17:08:43.567000',NULL,'01omerfarukcelik@gmail.com',_binary '\0',_binary '\0','$2a$10$nkpcFjYnB.SGwK068K8z4.Vt82GsQCyHNVwEZSEaKz9jvso986uh2','omerfaruk',NULL),(42,'user','2014-10-17','2023-10-30 17:10:01.149000',NULL,'01omerfarukcelik@gmail.com',_binary '\0',_binary '\0','$2a$10$bRHUrpvBUXMor2eP.YVGlekLDiiQ8TI5vEAXQC72mNrozqnKSx34.','omer',NULL),(43,'user','2002-10-11','2023-10-31 01:23:43.523000',NULL,'rewejo5744@hondabbs.com',_binary '\0',_binary '\0','$2a$10$0E.LbV9c8EFHTlfHeuxxlOpCt/Eyuwcz4NnBK/25/mjuIir1iasQq','rewe',NULL),(44,'user','2001-03-06','2023-10-31 01:31:07.270000',NULL,'baki.kucukcakiroglu@gmail.com',_binary '\0',_binary '\0','$2a$10$m0K80Rdvvk7P08PXShkHdOyICMCDkmr6/CBlNrr493MoGWPGj0VR2','baki',NULL),(45,'user','2001-03-06','2023-10-31 01:35:27.182000',NULL,'baki.kucukcakiroglu@gmail.com',_binary '\0',_binary '','$2a$10$E5PpfUaw4RMNSSvQ8QJrQOs8tgfhkmn9q3gP4WRLqH.vgO9LzJAQu','baki',NULL),(46,'user','2001-03-06','2023-10-31 01:54:26.021000',NULL,'rewejo5744@hondabbs.com',_binary '\0',_binary '','$2a$10$IDPBCcuAdx7LIn8ZZZ3crOF4SfJXnUHDQlC5MBTVka5biT5lZWaZK','baki2',NULL),(47,'user','2008-10-15','2023-10-31 08:02:13.958000',NULL,'omerfaruk.final01@gmail.com',_binary '\0',_binary '\0','$2a$10$P8R4H6KCfhE3PDkmrlmFQ.MB/Yi6sL5IPVYQrlQEasREVOyABAQuO','omerfaruk',NULL),(48,'user','2005-10-19','2023-10-31 08:36:26.293000',NULL,'steelfreelance@gmail.com',_binary '\0',_binary '\0','$2a$10$18hI6.AMbi0G7sHKJRWxAO17xy1Q5cUqYQDb8IapLVuN9XGV0/PMW','omer',NULL),(49,'user','2005-10-19','2023-10-31 08:36:44.808000',NULL,'steelfreelance@gmail.com',_binary '\0',_binary '\0','$2a$10$7BffwTh5jADJfXG9iEjCQu6GyrfJT14vJenJG1zAQxQhTsDIf5L3.','omer',NULL),(50,'user','2005-10-19','2023-10-31 08:37:05.698000',NULL,'steelfreelance@gmail.com',_binary '\0',_binary '','$2a$10$.Q.fGJZDbosvWZilRL708uZ7u.Jsdtkq.9CJpFAV.2dHtcf.eYhxC','omeruser',NULL),(51,'user','2008-10-16','2023-10-31 08:39:17.667000',NULL,'01omerfarukcelik@gmail.com',_binary '\0',_binary '','$2a$10$0vtnsQch2zHLhroFCdk1J.kOHmNWDax1WuF..BWmsgV2DN3pSFWCy','omerfarukcel',NULL),(52,'user','1999-05-02','2023-10-31 08:43:10.147000',NULL,'koraytekin02@hotmail.com',_binary '\0',_binary '\0','$2a$10$jdRPbzPuu7NRXHur7DTGFuzJWSY6I5SSyfNpOxiyO6nqAOkuCtg.2','koray',NULL),(53,'user','1999-05-02','2023-10-31 08:43:39.391000',NULL,'koraytekin2005@gmail.com',_binary '\0',_binary '','$2a$10$gF9S0PLYiUh1dUaxapRasuXv2G6fvUwKAzA0v26.7KjPtbr/EpI4y','koray',NULL),(54,'user','2001-10-31','2023-10-31 11:17:30.938000',NULL,'ibrmfrkn01@hotmail.com',_binary '\0',_binary '','$2a$10$br9uAROXKS75wwzsfO/6oOlkdBLfbrxtRofJwcnFA6zUTegyNrRaC','tempuser',NULL),(55,'user','2023-10-11','2023-10-31 11:22:36.693000',NULL,'dsadsadsadsa00@gmail.com',_binary '\0',_binary '\0','$2a$10$z/sLJ/Rno4.R347vJF/icecycU4SyINYf7TawL1IG8T5Zv2f8WvBG','asdsadsa',NULL),(56,'user','2023-10-03','2023-10-31 11:25:33.295000',NULL,'asdsads@asdas.asd',_binary '\0',_binary '\0','$2a$10$opiXrHy.sBN4BVPX4myCO.uj0U.1VwLB8EMqmLIr7UIKTH9Pq2P9S','asdsadsa',NULL),(57,'user','2001-09-27','2023-10-31 11:25:52.425000',NULL,'enesyildizmr@gmail.com',_binary '\0',_binary '','$2a$10$YxKs7fy/fpaYiHx3zojfbus6sEMQeJn1tVm87d.kums1TV9JbBWeG','Enes',NULL),(58,'user','2023-10-03','2023-10-31 11:25:54.244000',NULL,'sadsaasdsadddsa@asd.sad',_binary '\0',_binary '\0','$2a$10$ht6l2MyGFsRtTwVqDGxf5u8dexHfGVYKNRxsEUth.qjVmRQmM536q','asdsad',NULL),(59,'user','2001-08-11','2023-10-31 11:34:54.323000',NULL,'mericyk@gmail.com',_binary '\0',_binary '','$2a$10$gBVsXH4D2NbGRDHErHd8.etdshiOUbDUrtr7uFTnwGO043klybFyG','marcolphin',NULL),(60,'user','2008-01-31','2023-10-31 11:38:59.058000',NULL,'firdinufyo@gufum.com',_binary '\0',_binary '\0','$2a$10$2KVM6WMSkibGa6.ZcK.ATuuTRfXXGzZoSWG7.mFlIPrNpp1u.Q4Ay','tempail',NULL),(61,'user','2008-01-31','2023-10-31 11:44:56.799000',NULL,'firdinufyo@gufum.com',_binary '\0',_binary '\0','$2a$10$vfUTBdSDQ1xFzUISzCc3CuI4wcOtnVLuK8an4YjWhjQC5OWX5001K','tempail',NULL),(62,'user','2008-01-31','2023-10-31 11:47:09.502000',NULL,'meloti8015@zamaneta.com',_binary '\0',_binary '','$2a$10$O4iDttzHQd83jrDAHmK.eevJf.fUSp80rCfvr9pBkNFQOxZDP0Gii','tempail',NULL),(64,'user','2023-10-31','2023-10-31 14:15:11.664000',NULL,'safizufe@clout.wiki',_binary '\0',_binary '\0','$2a$10$GlB1/FiiuHy2LpeyXojo8.opuWmTyn45RkPLI6/waelII5vnCEN/i','tempuserr',NULL),(65,'user','2023-10-31','2023-10-31 14:17:24.425000',NULL,'marcodolphin5607@gmail.com',_binary '\0',_binary '','$2a$10$Dv7peWoKv8CWoCikd7le7OhumWE.M/A8XD.P0VQDjBy2WDJjF9.4K','tempuserrr',NULL),(66,'user','2002-10-18','2023-11-01 06:46:44.592000',NULL,'bahadirgezerbg@gmail.com',_binary '\0',_binary '','$2a$10$lodsAKP0fLyDPzahb21E3O5bRlt3giO2MuNd8DWpt.p4p4fXIe39q','bahadirgezerbg',NULL),(67,'user','1999-11-30','2023-11-01 10:41:40.120000',NULL,'ascengineersion@gmail.com',_binary '\0',_binary '\0','$2a$10$sS7bb44EDecgHKm2uQ.ASei5AFSBqT7HV6sEFnildJOagSnDiqNji','asc',NULL),(68,'user','2002-10-11','2023-11-12 22:14:22.631000',NULL,'rewejo57443@hondabbs.com',_binary '\0',_binary '\0','$2a$10$IjrLrh8eYvJsEbt2cwWnKOapgG2.zCnfb66Ms7fZzFaKqhrwdzDlu','rewe2',NULL),(69,'user','1111-11-11','2023-11-19 22:55:43.385000',NULL,'kadirersoy.boun@gmail.com',_binary '\0',_binary '\0','$2a$10$wKlOGZbzxHhVJoMKcNkM/.OLl5t3xzfOfw6p5o7GbXxv2K/e/u1c2','kadir',NULL),(70,'user','1111-11-11','2023-11-19 22:56:08.042000',NULL,'kadirersoy.boun@gmail.com',_binary '\0',_binary '\0','$2a$10$jz3eXFA8TFdd1mOtvGiyuOKsiznSHFuW82FiSudJtetNvhraFBt3K','kadir',NULL),(71,'user','1111-11-11','2023-11-19 22:56:34.328000',NULL,'kadirersoy.boun@gmail.com',_binary '\0',_binary '','$2a$10$.Iazeq8qv9/qJadGLkPXNuRD/3DdGl24UZyRGxEWV84/D8WTTJOyS','kadir',NULL),(72,'user','2002-10-11','2023-11-20 21:50:51.568000',NULL,'rewejo57443@hondabbs.com',_binary '\0',_binary '\0','$2a$10$YhGiWT8yKHnmSrzyov.d.uEQ8Dw1JtMjj1MDy8gc7aoCrwPKB5ia2','rewe256',NULL),(73,'user','2002-10-11','2023-11-21 00:29:56.327000',NULL,'rewejo57443@hondabbs.com',_binary '\0',_binary '\0','$2a$10$WX6tOfattKJrST5StI8SRunrzbcAGN0jjsKkFacTq6UdqnYF777mm','rewe256',NULL),(74,'user','2002-10-11','2023-11-21 00:30:30.053000',NULL,'pemax44339@nexxterp.com',_binary '\0',_binary '','$2a$10$0N01NEMIwa3gKG2Kc8EZQOo6Skwl6ECp7Q8sM9Bs10keLzEHJaElS','rewe2561',NULL),(75,'user','2002-10-11','2023-11-21 00:34:14.961000',NULL,'jaltifakka@gufum.com',_binary '\0',_binary '','$2a$10$1zrA2TOvz1LTG0wqM.6fdOZ/s4o/RoUWbLi.f6qEtyd1bKKA8ta6y','rewe2562',NULL),(76,'user','2002-10-11','2023-11-21 02:09:09.843000',NULL,'ximipoqu@afia.pro',_binary '\0',_binary '\0','$2a$10$aeBWU7D.MOC2KuFrideL9O64dhLpV2MeRsaTsmeZWOry10mFNrZq6','besiktas2562',NULL),(77,'user','2002-10-11','2023-11-21 02:09:53.377000',NULL,'ximipoqu@afia.pro',_binary '\0',_binary '\0','$2a$10$IuTOn4.cKbMP34wEidA3cOUYujql7yLKjRavn/4vfv5D6DUtwb2i2','besiktas2562',NULL),(78,'user','2002-10-11','2023-11-21 02:10:57.156000',NULL,'zospidespa@gufum.com',_binary '\0',_binary '','$2a$10$utZcfXxV8JGN29qKC1WGTezjCr33rUPYmMmVKeDJ97R.QINQ5FZva','besiktas2562',NULL),(79,'user','1990-12-12','2023-12-10 23:26:27.224000',NULL,'omerfaruk.final01@gmail.com',_binary '\0',_binary '','$2a$10$YgbScCnzqgYoGhO.rmcGYONfjnRjWHOA78vLff6CjU9TCTbW5xRdG','omer',NULL);
/*!40000 ALTER TABLE `enigma_user` ENABLE KEYS */;
UNLOCK TABLES;

--
-- Table structure for table `enigma_verification_token`
--

DROP TABLE IF EXISTS `enigma_verification_token`;
/*!40101 SET @saved_cs_client     = @@character_set_client */;
/*!50503 SET character_set_client = utf8mb4 */;
CREATE TABLE `enigma_verification_token` (
  `id` bigint NOT NULL AUTO_INCREMENT,
  `enigma_user_id` bigint DEFAULT NULL,
  `expires_at` datetime(6) DEFAULT NULL,
  `is_reset_password_token` bit(1) DEFAULT NULL,
  `is_revoked` bit(1) DEFAULT NULL,
  `issued_at` datetime(6) DEFAULT NULL,
  `token` varchar(255) DEFAULT NULL,
  PRIMARY KEY (`id`)
) ENGINE=InnoDB AUTO_INCREMENT=90 DEFAULT CHARSET=utf8mb4 COLLATE=utf8mb4_0900_ai_ci;
/*!40101 SET character_set_client = @saved_cs_client */;

--
-- Dumping data for table `enigma_verification_token`
--

LOCK TABLES `enigma_verification_token` WRITE;
/*!40000 ALTER TABLE `enigma_verification_token` DISABLE KEYS */;
INSERT INTO `enigma_verification_token` VALUES (1,1,'2023-10-30 01:59:00.507000',_binary '\0',_binary '\0','2023-10-29 01:59:00.507000','2c447c01-3164-472c-8476-f2bb235c619e'),(2,2,'2023-10-30 01:59:12.040000',_binary '\0',_binary '\0','2023-10-29 01:59:12.040000','602bb30c-eb49-4ed7-acf3-c29e06089ae5'),(7,7,'2023-10-30 18:30:02.736000',_binary '\0',_binary '\0','2023-10-29 18:30:02.736000','5a7482fe-6bdf-4963-9c05-8f5cf6c4034a'),(8,8,'2023-10-30 18:37:54.312000',_binary '\0',_binary '\0','2023-10-29 18:37:54.312000','c3c266fa-0960-49b4-a599-de6e5153c6cc'),(9,9,'2023-10-30 17:00:01.351000',_binary '\0',_binary '\0','2023-10-29 17:00:01.351000','1484fb1e-2d6f-4fe3-8343-eee1ef4162a9'),(10,10,'2023-10-30 17:10:34.238000',_binary '\0',_binary '\0','2023-10-29 17:10:34.238000','2413060b-7dcd-4f00-95fd-08a4f7a59221'),(11,11,'2023-10-30 17:14:43.640000',_binary '\0',_binary '','2023-10-29 17:14:43.640000','02a7274a-3e74-4a31-85a1-b502f28a224c'),(12,12,'2023-10-30 17:20:26.547000',_binary '\0',_binary '\0','2023-10-29 17:20:26.547000','381d2c87-41bf-46fd-bcfe-3c8653b81082'),(13,13,'2023-10-30 17:47:20.286000',_binary '\0',_binary '\0','2023-10-29 17:47:20.286000','be37f8d5-f4d3-495c-a7e3-67717eb0eca7'),(14,14,'2023-10-30 17:51:34.120000',_binary '\0',_binary '\0','2023-10-29 17:51:34.120000','e078a6f9-1eda-4fbd-a086-0ee4f0c283a8'),(15,15,'2023-10-30 17:54:37.093000',_binary '\0',_binary '\0','2023-10-29 17:54:37.093000','95fa638f-5d55-44be-a276-0b3150e2f9bf'),(16,16,'2023-10-30 17:54:46.223000',_binary '\0',_binary '\0','2023-10-29 17:54:46.223000','3ceee284-ad79-4111-bcd3-cae1fb3c1a16'),(17,17,'2023-10-30 17:54:49.170000',_binary '\0',_binary '\0','2023-10-29 17:54:49.170000','04fa6e0a-6daf-4d89-bfe1-65a968589d74'),(18,18,'2023-10-30 18:04:20.147000',_binary '\0',_binary '\0','2023-10-29 18:04:20.147000','f0f8d20c-42b0-4e6b-b5ec-55717c256429'),(19,19,'2023-10-30 18:04:41.894000',_binary '\0',_binary '\0','2023-10-29 18:04:41.894000','5c157462-2d5d-427f-aedc-5439a76637ca'),(20,20,'2023-10-30 18:07:27.994000',_binary '\0',_binary '\0','2023-10-29 18:07:27.994000','9e8a56ff-967b-4fe4-b0db-f218986a9a7f'),(21,21,'2023-10-30 18:14:22.206000',_binary '\0',_binary '','2023-10-29 18:14:22.206000','4dd14ad3-2710-411e-a147-ef519e3b38ae'),(22,22,'2023-10-30 18:50:53.916000',_binary '\0',_binary '','2023-10-29 18:50:53.916000','aa7a3fa8-2a04-46df-b395-179e67290f5e'),(23,23,'2023-10-30 19:03:20.219000',_binary '\0',_binary '','2023-10-29 19:03:20.219000','d21e5a9d-caeb-4748-8b0a-8570d43690fb'),(24,24,'2023-10-30 19:30:42.144000',_binary '\0',_binary '\0','2023-10-29 19:30:42.144000','68c9ad6d-11fb-4eb5-8881-866d1b7d4778'),(25,25,'2023-10-30 19:32:06.029000',_binary '\0',_binary '','2023-10-29 19:32:06.029000','0b99f96c-0264-4b1c-928f-0bbd316e39eb'),(26,26,'2023-10-30 19:48:21.651000',_binary '\0',_binary '','2023-10-29 19:48:21.651000','d464ba9a-1467-4f69-9525-33042daa1a7e'),(27,27,'2023-10-30 19:56:03.332000',_binary '\0',_binary '','2023-10-29 19:56:03.332000','df57dab2-90a5-466f-8753-7ee7b5e5bd2d'),(28,28,'2023-10-30 20:02:20.532000',_binary '\0',_binary '','2023-10-29 20:02:20.532000','e1d3fb36-7791-4e57-82b2-4a853064687a'),(29,29,'2023-10-30 20:08:14.104000',_binary '\0',_binary '\0','2023-10-29 20:08:14.104000','dc48167d-a15d-4ceb-9da9-8590c4596f7e'),(30,30,'2023-10-30 20:08:55.844000',_binary '\0',_binary '','2023-10-29 20:08:55.844000','4915bb48-0fda-45ed-9257-a92b4d448e5a'),(31,31,'2023-10-30 20:15:11.765000',_binary '\0',_binary '','2023-10-29 20:15:11.765000','8ab1faef-fa28-4605-84de-4f8cdc0f166c'),(32,32,'2023-10-30 20:39:17.411000',_binary '\0',_binary '','2023-10-29 20:39:17.411000','920ed69f-02a6-43c6-98c3-183392960606'),(33,33,'2023-10-30 20:42:19.876000',_binary '\0',_binary '','2023-10-29 20:42:19.876000','f9ad09d5-b6b7-492b-89a1-9ce0110a6575'),(34,34,'2023-10-30 20:55:29.944000',_binary '\0',_binary '','2023-10-29 20:55:29.944000','0076171a-cb95-45b7-a784-90a4a2f70fe0'),(35,35,'2023-10-30 20:59:56.271000',_binary '\0',_binary '\0','2023-10-29 20:59:56.271000','c86d9c81-704e-403b-be6a-f9332c9bca82'),(36,36,'2023-10-31 11:38:24.364000',_binary '\0',_binary '\0','2023-10-30 11:38:24.364000','84e93482-433a-4ae4-9f68-a310ed6d3d43'),(37,37,'2023-10-31 11:39:53.505000',_binary '\0',_binary '\0','2023-10-30 11:39:53.505000','219bf3e4-c308-4913-be8f-8ee282676e42'),(38,38,'2023-10-31 12:50:21.889000',_binary '\0',_binary '','2023-10-30 12:50:21.889000','3a44f2be-0bd9-468e-81a4-d485bb0e2785'),(39,39,'2023-10-31 13:50:30.231000',_binary '\0',_binary '','2023-10-30 13:50:30.231000','1da2d6ba-8f0d-4a30-8f46-2f043e309963'),(40,39,'2023-10-31 16:29:55.874000',_binary '',_binary '\0','2023-10-30 16:29:55.874000','490351ec-d076-4a16-a153-d703822a89cc'),(41,39,'2023-10-31 16:30:23.679000',_binary '',_binary '\0','2023-10-30 16:30:23.679000','37f246e7-97f0-4e41-8c33-433d356b966c'),(42,40,'2023-10-31 16:59:24.184000',_binary '\0',_binary '','2023-10-30 16:59:24.184000','bbcbee4b-dd67-41a2-aa49-3cab7b350184'),(43,41,'2023-10-31 17:08:43.569000',_binary '\0',_binary '\0','2023-10-30 17:08:43.569000','4e1b9484-33be-4529-9c93-4fa65b5b320f'),(44,42,'2023-10-31 17:10:01.151000',_binary '\0',_binary '\0','2023-10-30 17:10:01.151000','eb49a21f-6a49-49e7-a74d-88c0aa2fbfb4'),(45,39,'2023-10-31 19:17:08.491000',_binary '',_binary '\0','2023-10-30 19:17:08.491000','c004d3bf-c176-41fa-a373-c743d8beff6f'),(46,39,'2023-10-31 19:55:03.760000',_binary '',_binary '','2023-10-30 19:55:03.760000','429ba4d2-ca76-43e7-bd1f-ec29a9154a76'),(47,43,'2023-11-01 01:23:43.663000',_binary '\0',_binary '\0','2023-10-31 01:23:43.663000','0b5c1e8b-fa35-46e0-99dc-84492dbb96f5'),(48,44,'2023-11-01 01:31:07.290000',_binary '\0',_binary '\0','2023-10-31 01:31:07.290000','5ff82939-1cff-4a7c-a942-c252c9ad3580'),(49,45,'2023-11-01 01:35:27.243000',_binary '\0',_binary '','2023-10-31 01:35:27.243000','4913729b-58e4-420c-afe8-3495d41bd17a'),(50,45,'2023-11-01 01:36:17.442000',_binary '',_binary '','2023-10-31 01:36:17.442000','21f42548-54e7-4491-9b91-3f200bee4251'),(51,45,'2023-11-01 01:52:27.604000',_binary '',_binary '','2023-10-31 01:52:27.604000','8c41554b-d513-44a3-ada3-b46332bd43a6'),(52,46,'2023-11-01 01:54:26.025000',_binary '\0',_binary '','2023-10-31 01:54:26.025000','37727681-c3b2-4e1e-a75c-ff1e445c2e77'),(53,47,'2023-11-01 08:02:13.961000',_binary '\0',_binary '\0','2023-10-31 08:02:13.961000','f5cbe69b-49e5-48e6-9ce3-f4aac3075803'),(54,48,'2023-11-01 08:36:26.363000',_binary '\0',_binary '\0','2023-10-31 08:36:26.363000','b70f76bf-6238-43c0-a7ee-c91d45894095'),(55,49,'2023-11-01 08:36:44.812000',_binary '\0',_binary '\0','2023-10-31 08:36:44.812000','118c1471-8ce9-4757-b3b5-9471919dceec'),(56,50,'2023-11-01 08:37:05.702000',_binary '\0',_binary '','2023-10-31 08:37:05.702000','1c87b24d-48b0-43df-908c-a113fbddf5fe'),(57,51,'2023-11-01 08:39:17.671000',_binary '\0',_binary '','2023-10-31 08:39:17.671000','0b29bfcb-01c3-4c1e-bd8e-b0007215fc71'),(58,52,'2023-11-01 08:43:10.151000',_binary '\0',_binary '\0','2023-10-31 08:43:10.151000','f14e0a67-5a61-4f3c-8f26-a6b623100da9'),(59,53,'2023-11-01 08:43:39.394000',_binary '\0',_binary '','2023-10-31 08:43:39.394000','d9d0d358-0333-46c3-a4e0-787c714b879c'),(60,50,'2023-11-01 08:57:33.106000',_binary '',_binary '\0','2023-10-31 08:57:33.106000','510564a9-d797-4af9-8238-610b02b3ce77'),(61,54,'2023-11-01 11:17:30.942000',_binary '\0',_binary '','2023-10-31 11:17:30.942000','9d9f7a1a-3988-461f-913a-147c839029e1'),(62,55,'2023-11-01 11:22:36.696000',_binary '\0',_binary '\0','2023-10-31 11:22:36.696000','35763f9b-65f8-48a0-9da5-43f9ec6d0025'),(63,56,'2023-11-01 11:25:33.298000',_binary '\0',_binary '\0','2023-10-31 11:25:33.298000','0e18ecdc-badb-43fb-bf6c-68a6c408ba7d'),(64,57,'2023-11-01 11:25:52.429000',_binary '\0',_binary '','2023-10-31 11:25:52.429000','d44168e1-c36c-4fce-a2e2-dd8b16e4dae3'),(65,58,'2023-11-01 11:25:54.247000',_binary '\0',_binary '\0','2023-10-31 11:25:54.247000','5373576f-7417-40f9-b612-265105c5bb88'),(66,59,'2023-11-01 11:34:54.326000',_binary '\0',_binary '','2023-10-31 11:34:54.326000','37440f3f-5fc0-493d-a56e-790a616990e6'),(67,60,'2023-11-01 11:38:59.061000',_binary '\0',_binary '\0','2023-10-31 11:38:59.061000','b98ad75a-d832-4da2-abce-ccd0f6e94de7'),(68,61,'2023-11-01 11:44:56.802000',_binary '\0',_binary '\0','2023-10-31 11:44:56.802000','35ec6130-3c87-4cf7-8e7e-38b7897559d3'),(69,62,'2023-11-01 11:47:09.504000',_binary '\0',_binary '','2023-10-31 11:47:09.504000','83a3fc59-3abe-48c2-a085-256e00b63804'),(70,59,'2023-11-01 12:35:45.459000',_binary '',_binary '\0','2023-10-31 12:35:45.459000','44e0a547-f12e-4525-bcf7-6c84214cdbac'),(72,64,'2023-11-01 14:15:11.667000',_binary '\0',_binary '\0','2023-10-31 14:15:11.667000','d361e50d-2ddd-4aab-aac7-9130bd619807'),(73,65,'2023-11-01 14:17:24.428000',_binary '\0',_binary '','2023-10-31 14:17:24.428000','ca1a807d-a793-4c5b-af1f-4c1c1808fe4f'),(74,59,'2023-11-01 14:56:25.619000',_binary '',_binary '','2023-10-31 14:56:25.619000','eacb534b-5bc8-4278-9b4f-ee481b8ac031'),(75,66,'2023-11-02 06:46:44.596000',_binary '\0',_binary '','2023-11-01 06:46:44.596000','65468e4d-72fe-4ee8-8ec1-61fe0660d8ae'),(76,66,'2023-11-02 06:50:52.459000',_binary '',_binary '','2023-11-01 06:50:52.459000','4568835c-ecf3-4e4b-b826-52037be86ca6'),(77,67,'2023-11-02 10:41:40.125000',_binary '\0',_binary '\0','2023-11-01 10:41:40.125000','b0051621-c4b7-48c9-9884-eff1e298cd40'),(78,68,'2023-11-13 22:14:22.843000',_binary '\0',_binary '\0','2023-11-12 22:14:22.843000','73493805-84ee-4fc7-b2d1-3ed0da4fda98'),(79,69,'2023-11-20 22:55:43.653000',_binary '\0',_binary '\0','2023-11-19 22:55:43.653000','7af1297f-6b6d-45ee-9756-c3e11ca61123'),(80,70,'2023-11-20 22:56:08.215000',_binary '\0',_binary '\0','2023-11-19 22:56:08.215000','d72a0fc6-c5f6-4f01-90db-d7150429c168'),(81,71,'2023-11-20 22:56:34.505000',_binary '\0',_binary '','2023-11-19 22:56:34.505000','97ef6ca3-4815-4080-a29f-05d7ac6fe52d'),(82,72,'2023-11-21 21:50:51.746000',_binary '\0',_binary '\0','2023-11-20 21:50:51.746000','ad678f25-96e9-4fa5-a9e7-0ae80f88dafe'),(83,73,'2023-11-22 00:29:56.536000',_binary '\0',_binary '\0','2023-11-21 00:29:56.536000','a4edeace-8774-420a-9d92-dab3b9120c61'),(84,74,'2023-11-22 00:30:30.219000',_binary '\0',_binary '','2023-11-21 00:30:30.219000','9df75c79-3f44-4f6c-8f70-e058b7640868'),(85,75,'2023-11-22 00:34:15.129000',_binary '\0',_binary '','2023-11-21 00:34:15.129000','502c7e9e-6c98-4001-835f-c402712ea6cb'),(86,76,'2023-11-22 02:09:10.020000',_binary '\0',_binary '\0','2023-11-21 02:09:10.020000','cc853ac0-fe0d-4748-ba47-eaf30c55146f'),(87,77,'2023-11-22 02:09:53.552000',_binary '\0',_binary '\0','2023-11-21 02:09:53.552000','5ed91f3f-dc2a-4676-9093-5eabfb1b57a1'),(88,78,'2023-11-22 02:10:59.149000',_binary '\0',_binary '','2023-11-21 02:10:59.149000','7c4fd851-6ff8-496e-94d2-6c2991a219ac'),(89,79,'2023-12-11 23:26:27.453000',_binary '\0',_binary '','2023-12-10 23:26:27.453000','73a9f1da-1f50-459a-a85b-0065264e38bb');
/*!40000 ALTER TABLE `enigma_verification_token` ENABLE KEYS */;
UNLOCK TABLES;

--
-- Table structure for table `entity_tag`
--

DROP TABLE IF EXISTS `entity_tag`;
/*!40101 SET @saved_cs_client     = @@character_set_client */;
/*!50503 SET character_set_client = utf8mb4 */;
CREATE TABLE `entity_tag` (
  `id` bigint NOT NULL AUTO_INCREMENT,
  `create_time` datetime(6) DEFAULT NULL,
  `entity_id` bigint DEFAULT NULL,
  `entity_type` tinyint DEFAULT NULL,
  `wiki_data_tag_id` varchar(255) DEFAULT NULL,
  PRIMARY KEY (`id`),
  CONSTRAINT `entity_tag_chk_1` CHECK ((`entity_type` between 0 and 1))
) ENGINE=InnoDB AUTO_INCREMENT=84 DEFAULT CHARSET=utf8mb4 COLLATE=utf8mb4_0900_ai_ci;
/*!40101 SET character_set_client = @saved_cs_client */;

--
-- Dumping data for table `entity_tag`
--

LOCK TABLES `entity_tag` WRITE;
/*!40000 ALTER TABLE `entity_tag` DISABLE KEYS */;
INSERT INTO `entity_tag` VALUES (1,'2023-11-12 22:24:21.692000',1,0,'1'),(2,'2023-11-12 22:24:21.841000',1,0,'2'),(3,'2023-11-12 22:24:21.991000',1,0,'3'),(4,'2023-11-12 22:24:29.598000',2,0,'1'),(5,'2023-11-12 22:24:29.749000',2,0,'2'),(6,'2023-11-12 22:24:29.898000',2,0,'3'),(7,'2023-11-12 23:29:22.873000',3,0,'1'),(8,'2023-11-12 23:29:23.262000',3,0,'2'),(9,'2023-11-12 23:29:23.430000',3,0,'3'),(10,'2023-11-12 23:35:04.579000',6,0,'Q188931'),(11,'2023-11-13 00:15:49.776000',7,0,'188931'),(12,'2023-11-13 00:19:19.629000',8,0,'Q188931123141243'),(13,'2023-11-13 00:23:03.507000',9,0,'Q188931123141243'),(14,'2023-11-13 00:23:03.658000',9,0,'Q188931'),(15,'2023-11-13 00:24:20.185000',10,0,'Q188931123141243'),(16,'2023-11-13 00:24:20.336000',10,0,'Q188931'),(17,'2023-11-13 00:24:20.487000',10,0,'Q1889112243'),(18,'2023-11-13 00:52:02.250000',11,0,'Q188931'),(19,'2023-11-13 00:52:02.398000',11,0,'Q1889112243'),(20,'2023-11-13 00:55:44.361000',12,0,'Q188931'),(21,'2023-11-13 00:55:44.510000',12,0,'Q1889112243'),(22,'2023-11-13 00:55:59.182000',13,0,'Q188931'),(23,'2023-11-13 00:55:59.330000',13,0,'Q1889112243'),(24,'2023-11-13 01:00:27.940000',14,0,'Q188931'),(25,'2023-11-13 01:00:28.094000',14,0,'Q1889112243'),(26,'2023-11-13 01:46:29.468000',15,0,'Q188931'),(27,'2023-11-13 01:46:29.616000',15,0,'Q1889112243'),(28,'2023-11-13 01:46:57.610000',16,0,'Q188931'),(29,'2023-11-13 01:46:57.756000',16,0,'Q1889112243'),(30,'2023-11-13 01:48:24.592000',17,0,'Q188931'),(31,'2023-11-13 01:48:24.741000',17,0,'Q1889112243'),(32,'2023-11-13 01:50:09.515000',17,0,'Q188931'),(33,'2023-11-13 01:50:09.515000',17,0,'Q1889112243'),(34,'2023-11-13 01:53:44.546000',17,0,'Q188931'),(35,'2023-11-13 01:53:44.546000',17,0,'Q1889112243'),(36,'2023-11-13 01:53:51.592000',17,0,'Q188931'),(37,'2023-11-13 01:53:51.592000',17,0,'Q1889112243'),(38,'2023-11-13 01:54:43.270000',18,0,'Q188931'),(39,'2023-11-13 01:54:43.421000',18,0,'Q1889112243'),(40,'2023-11-13 01:55:06.572000',18,0,'Q188931'),(41,'2023-11-13 01:55:06.572000',18,0,'Q1889112243'),(44,'2023-11-20 20:06:23.403000',20,0,'Q188931'),(45,'2023-11-20 20:06:23.564000',20,0,'Q1889112243'),(46,'2023-11-21 00:42:08.879000',21,0,'Q188931'),(47,'2023-11-21 00:42:09.043000',21,0,'Q1889112243'),(48,'2023-11-21 02:08:05.556000',22,0,'Q188931'),(49,'2023-11-21 02:08:05.730000',22,0,'Q1889112243'),(50,'2023-11-20 23:43:17.624000',23,0,'Q495299'),(51,'2023-11-20 23:43:17.831000',23,0,'Q3133'),(52,'2023-11-20 23:43:54.678000',24,0,'Q901'),(53,'2023-11-20 23:43:54.865000',24,0,'Q21198'),(54,'2023-11-20 23:44:27.286000',25,0,'Q901'),(55,'2023-11-20 23:44:27.476000',25,0,'Q21198'),(56,'2023-11-20 23:49:58.344000',26,0,'Q21198'),(57,'2023-11-20 23:49:58.531000',26,0,'Q7397'),(58,'2023-11-20 23:49:58.717000',26,0,'Q9143'),(59,'2023-11-21 12:36:12.639000',26,0,'Q21198'),(60,'2023-11-21 12:36:12.639000',26,0,'Q9143'),(61,'2023-11-21 12:39:19.401000',26,0,'Q7397'),(62,'2023-11-21 12:50:32.652000',27,0,'Q336'),(63,'2023-11-21 12:50:32.885000',27,0,'Q21198'),(64,'2023-11-22 21:20:19.864000',28,0,'Q188931'),(65,'2023-11-22 21:20:20.011000',28,0,'Q1889112243'),(66,'2023-11-22 21:20:43.102000',29,0,'Q188931'),(67,'2023-11-22 21:20:43.248000',29,0,'Q1889112243'),(68,'2023-11-22 21:49:05.933000',30,0,'Q188931'),(69,'2023-11-22 21:49:06.085000',30,0,'Q1889112243'),(70,'2023-11-22 22:05:23.401000',31,0,'Q188931'),(71,'2023-11-22 22:05:23.553000',31,0,'Q1889112243'),(72,'2023-11-22 22:06:48.686000',32,0,'Q188931'),(73,'2023-11-22 22:06:48.836000',32,0,'Q1889112243'),(74,'2023-11-22 22:21:47.448000',33,0,'Q188931'),(75,'2023-11-22 22:21:47.593000',33,0,'Q1889112243'),(76,'2023-11-22 22:30:01.300000',34,0,'Q188931'),(77,'2023-11-22 22:30:01.445000',34,0,'Q1889112243'),(78,'2023-11-23 00:05:34.518000',2,1,'Q188931'),(79,'2023-11-23 00:05:44.280000',3,1,'Q188931'),(80,'2023-11-23 00:06:44.031000',35,0,'Q188931'),(81,'2023-11-23 00:06:44.179000',35,0,'Q1889112243'),(82,'2023-11-23 00:06:59.712000',4,1,'Q188931'),(83,'2023-11-23 00:07:52.959000',5,1,'Q188931');
/*!40000 ALTER TABLE `entity_tag` ENABLE KEYS */;
UNLOCK TABLES;

--
-- Table structure for table `entity_tags`
--

DROP TABLE IF EXISTS `entity_tags`;
/*!40101 SET @saved_cs_client     = @@character_set_client */;
/*!50503 SET character_set_client = utf8mb4 */;
CREATE TABLE `entity_tags` (
  `id` bigint NOT NULL AUTO_INCREMENT,
  `create_time` datetime(6) DEFAULT NULL,
  `entity_id` bigint DEFAULT NULL,
  `entity_type` tinyint DEFAULT NULL,
  `wiki_data_tag_id` varchar(255) DEFAULT NULL,
  PRIMARY KEY (`id`),
  CONSTRAINT `entity_tags_chk_1` CHECK ((`entity_type` between 0 and 1))
) ENGINE=InnoDB DEFAULT CHARSET=utf8mb4 COLLATE=utf8mb4_0900_ai_ci;
/*!40101 SET character_set_client = @saved_cs_client */;

--
-- Dumping data for table `entity_tags`
--

LOCK TABLES `entity_tags` WRITE;
/*!40000 ALTER TABLE `entity_tags` DISABLE KEYS */;
/*!40000 ALTER TABLE `entity_tags` ENABLE KEYS */;
UNLOCK TABLES;

--
-- Table structure for table `interest_area`
--

DROP TABLE IF EXISTS `interest_area`;
/*!40101 SET @saved_cs_client     = @@character_set_client */;
/*!50503 SET character_set_client = utf8mb4 */;
CREATE TABLE `interest_area` (
  `id` bigint NOT NULL AUTO_INCREMENT,
  `access_level` tinyint DEFAULT NULL,
  `create_time` datetime(6) DEFAULT NULL,
  `enigma_user_id` bigint DEFAULT NULL,
  `name` varchar(255) DEFAULT NULL,
  `title` varchar(255) DEFAULT NULL,
  `description` varchar(255) DEFAULT NULL,
  PRIMARY KEY (`id`)
) ENGINE=InnoDB AUTO_INCREMENT=36 DEFAULT CHARSET=utf8mb4 COLLATE=utf8mb4_0900_ai_ci;
/*!40101 SET character_set_client = @saved_cs_client */;

--
-- Dumping data for table `interest_area`
--

LOCK TABLES `interest_area` WRITE;
/*!40000 ALTER TABLE `interest_area` DISABLE KEYS */;
INSERT INTO `interest_area` VALUES (15,0,'2023-11-13 01:46:29.291000',11,'newarea',NULL,NULL),(16,0,'2023-11-13 01:46:57.462000',11,'newarea2',NULL,NULL),(18,1,'2023-11-13 01:54:43.101000',11,'newarea222',NULL,NULL),(19,1,'2023-11-20 20:00:26.130000',11,'newarea222',NULL,NULL),(20,0,'2023-11-20 20:06:23.219000',11,'newarea2',NULL,NULL),(21,0,'2023-11-21 00:42:08.713000',75,'newarea2',NULL,NULL),(22,0,'2023-11-21 02:08:05.346000',75,'besin tavsiyeleri',NULL,NULL),(23,2,'2023-11-20 23:43:17.395000',75,'title try',NULL,NULL),(24,2,'2023-11-20 23:43:54.480000',75,'aagain',NULL,NULL),(25,2,'2023-11-20 23:44:27.093000',75,'aagain',NULL,NULL),(27,0,'2023-11-21 12:50:32.419000',75,'omer cs lec notes',NULL,NULL),(28,0,'2023-11-22 21:20:19.674000',75,NULL,'besin tavsiyeleri',NULL),(29,2,'2023-11-22 21:20:42.956000',75,NULL,'besin tavsiyeleri27',NULL),(30,2,'2023-11-22 21:49:05.736000',75,NULL,'bakinin interest areas覺 user 75',NULL),(31,2,'2023-11-22 22:05:23.205000',74,NULL,'bakinin interest areas覺 user 74','description'),(32,2,'2023-11-22 22:06:48.535000',74,NULL,'bakinin interest areas覺2 user 74','description'),(33,1,'2023-11-22 22:21:47.269000',74,NULL,'bakinin interest areas覺2 user 74','description'),(34,1,'2023-11-22 22:30:01.150000',74,NULL,'bakinin interest areas覺2 user 74','description'),(35,1,'2023-11-23 00:06:43.882000',74,NULL,'bakinin interest areas覺2 user 74','description');
/*!40000 ALTER TABLE `interest_area` ENABLE KEYS */;
UNLOCK TABLES;

--
-- Table structure for table `interest_area_post`
--

DROP TABLE IF EXISTS `interest_area_post`;
/*!40101 SET @saved_cs_client     = @@character_set_client */;
/*!50503 SET character_set_client = utf8mb4 */;
CREATE TABLE `interest_area_post` (
  `id` bigint NOT NULL AUTO_INCREMENT,
  `create_time` datetime(6) DEFAULT NULL,
  `interest_area_id` bigint DEFAULT NULL,
  `post_id` bigint DEFAULT NULL,
  PRIMARY KEY (`id`)
) ENGINE=InnoDB AUTO_INCREMENT=6 DEFAULT CHARSET=utf8mb4 COLLATE=utf8mb4_0900_ai_ci;
/*!40101 SET character_set_client = @saved_cs_client */;

--
-- Dumping data for table `interest_area_post`
--

LOCK TABLES `interest_area_post` WRITE;
/*!40000 ALTER TABLE `interest_area_post` DISABLE KEYS */;
INSERT INTO `interest_area_post` VALUES (1,'2023-11-23 00:04:56.947000',33,1),(2,'2023-11-23 00:05:35.567000',33,2),(3,'2023-11-23 00:05:45.328000',33,3),(4,'2023-11-23 00:07:00.744000',33,4),(5,'2023-11-23 00:07:53.999000',33,5);
/*!40000 ALTER TABLE `interest_area_post` ENABLE KEYS */;
UNLOCK TABLES;

--
-- Table structure for table `nested_interest_area`
--

DROP TABLE IF EXISTS `nested_interest_area`;
/*!40101 SET @saved_cs_client     = @@character_set_client */;
/*!50503 SET character_set_client = utf8mb4 */;
CREATE TABLE `nested_interest_area` (
  `id` bigint NOT NULL AUTO_INCREMENT,
  `child_ia_id` bigint DEFAULT NULL,
  `create_time` datetime(6) DEFAULT NULL,
  `parent_ia_id` bigint DEFAULT NULL,
  PRIMARY KEY (`id`)
) ENGINE=InnoDB AUTO_INCREMENT=42 DEFAULT CHARSET=utf8mb4 COLLATE=utf8mb4_0900_ai_ci;
/*!40101 SET character_set_client = @saved_cs_client */;

--
-- Dumping data for table `nested_interest_area`
--

LOCK TABLES `nested_interest_area` WRITE;
/*!40000 ALTER TABLE `nested_interest_area` DISABLE KEYS */;
INSERT INTO `nested_interest_area` VALUES (1,1,'2023-11-12 22:24:21.229000',1),(2,2,'2023-11-12 22:24:21.379000',1),(3,3,'2023-11-12 22:24:21.529000',1),(4,1,'2023-11-12 22:24:29.128000',2),(5,2,'2023-11-12 22:24:29.278000',2),(6,3,'2023-11-12 22:24:29.449000',2),(7,1,'2023-11-12 23:29:22.358000',3),(8,2,'2023-11-12 23:29:22.507000',3),(9,3,'2023-11-12 23:29:22.671000',3),(10,1,'2023-11-12 23:30:08.603000',4),(11,2,'2023-11-12 23:30:08.750000',4),(12,3,'2023-11-12 23:30:08.897000',4),(13,1,'2023-11-12 23:34:47.802000',5),(14,2,'2023-11-12 23:34:47.951000',5),(15,3,'2023-11-12 23:34:48.099000',5),(16,4,'2023-11-12 23:35:04.285000',6),(17,5,'2023-11-12 23:35:04.432000',6),(18,4,'2023-11-13 00:15:49.472000',7),(19,5,'2023-11-13 00:15:49.625000',7),(20,4,'2023-11-13 00:19:19.316000',8),(21,5,'2023-11-13 00:19:19.475000',8),(22,4,'2023-11-13 00:23:03.205000',9),(23,5,'2023-11-13 00:23:03.356000',9),(24,4,'2023-11-13 00:24:19.882000',10),(25,5,'2023-11-13 00:24:20.032000',10),(26,4,'2023-11-13 00:52:01.948000',11),(27,5,'2023-11-13 00:52:02.102000',11),(28,4,'2023-11-13 00:55:44.065000',12),(29,5,'2023-11-13 00:55:44.213000',12),(30,4,'2023-11-13 00:55:58.887000',13),(31,5,'2023-11-13 00:55:59.034000',13),(32,4,'2023-11-13 01:00:27.489000',14),(33,5,'2023-11-13 01:00:27.641000',14),(34,17,'2023-11-13 01:00:27.791000',14),(35,15,'2023-11-13 01:50:09.367000',17),(36,15,'2023-11-13 01:53:44.399000',17),(37,15,'2023-11-13 01:53:51.295000',17),(38,16,'2023-11-13 01:53:51.295000',17),(39,15,'2023-11-13 01:55:06.266000',18),(40,16,'2023-11-13 01:55:06.266000',18),(41,20,'2023-11-20 20:06:32.652000',19);
/*!40000 ALTER TABLE `nested_interest_area` ENABLE KEYS */;
UNLOCK TABLES;

--
-- Table structure for table `post`
--

DROP TABLE IF EXISTS `post`;
/*!40101 SET @saved_cs_client     = @@character_set_client */;
/*!50503 SET character_set_client = utf8mb4 */;
CREATE TABLE `post` (
  `id` bigint NOT NULL AUTO_INCREMENT,
  `create_time` datetime(6) DEFAULT NULL,
  `enigma_user_id` bigint DEFAULT NULL,
  `geolocation` varchar(255) DEFAULT NULL,
  `ia_id` bigint DEFAULT NULL,
  `label` varchar(255) DEFAULT NULL,
  `source_link` varchar(255) DEFAULT NULL,
  `address` varchar(255) DEFAULT NULL,
  `latitude` double DEFAULT NULL,
  `longitude` double DEFAULT NULL,
  `interest_area_id` bigint DEFAULT NULL,
  `title` varchar(255) DEFAULT NULL,
  `access_level` tinyint DEFAULT NULL,
  `content` varchar(255) DEFAULT NULL,
  PRIMARY KEY (`id`),
  CONSTRAINT `post_chk_1` CHECK ((`access_level` between 0 and 2))
) ENGINE=InnoDB AUTO_INCREMENT=6 DEFAULT CHARSET=utf8mb4 COLLATE=utf8mb4_0900_ai_ci;
/*!40101 SET character_set_client = @saved_cs_client */;

--
-- Dumping data for table `post`
--

LOCK TABLES `post` WRITE;
/*!40000 ALTER TABLE `post` DISABLE KEYS */;
INSERT INTO `post` VALUES (1,'2023-11-23 00:04:55.857000',74,NULL,NULL,'0','www.bunchup.com.tr','Bogazici University South Campus',1.2421,3.4523,33,'A New Platform Has Been Released',NULL,NULL),(2,'2023-11-23 00:05:33.924000',74,NULL,NULL,'0','www.bunchup.com.tr','Bogazici University South Campus',1.2421,3.4523,33,'A New Platform Has Been Released',NULL,NULL),(3,'2023-11-23 00:05:43.686000',74,NULL,NULL,'0','www.bunchup.com.tr','Bogazici University South Campus',1.2421,3.4523,33,'A New Platform Has Been Released',NULL,NULL),(4,'2023-11-23 00:06:59.116000',74,NULL,NULL,'0','www.bunchup.com.tr','Bogazici University South Campus',1.2421,3.4523,33,'A New Platform Has Been Released',NULL,NULL),(5,'2023-11-23 00:07:52.366000',74,NULL,NULL,'0','www.bunchup.com.tr','Bogazici University South Campus',1.2421,3.4523,33,'A New Platform Has Been Released',NULL,NULL);
/*!40000 ALTER TABLE `post` ENABLE KEYS */;
UNLOCK TABLES;

--
-- Table structure for table `user_follows`
--

DROP TABLE IF EXISTS `user_follows`;
/*!40101 SET @saved_cs_client     = @@character_set_client */;
/*!50503 SET character_set_client = utf8mb4 */;
CREATE TABLE `user_follows` (
  `id` bigint NOT NULL AUTO_INCREMENT,
  `follower_enigma_user_id` bigint DEFAULT NULL,
  `followed_entity_id` bigint DEFAULT NULL,
  `followed_entity_type` tinyint DEFAULT NULL,
  `is_accepted` bit(1) DEFAULT NULL,
  PRIMARY KEY (`id`),
  CONSTRAINT `user_follows_chk_1` CHECK ((`followed_entity_type` between 0 and 2))
) ENGINE=InnoDB AUTO_INCREMENT=15 DEFAULT CHARSET=utf8mb4 COLLATE=utf8mb4_0900_ai_ci;
/*!40101 SET character_set_client = @saved_cs_client */;

--
-- Dumping data for table `user_follows`
--

LOCK TABLES `user_follows` WRITE;
/*!40000 ALTER TABLE `user_follows` DISABLE KEYS */;
INSERT INTO `user_follows` VALUES (2,75,74,2,_binary ''),(4,75,21,0,_binary ''),(5,75,29,0,_binary '\0'),(6,75,29,0,_binary '\0'),(7,75,30,0,_binary ''),(8,74,31,0,_binary ''),(9,74,32,0,_binary ''),(10,74,75,2,_binary ''),(11,74,33,0,_binary ''),(12,74,34,0,_binary ''),(13,74,29,0,_binary '\0'),(14,74,35,0,_binary '');
/*!40000 ALTER TABLE `user_follows` ENABLE KEYS */;
UNLOCK TABLES;

--
-- Table structure for table `wiki_tag`
--

DROP TABLE IF EXISTS `wiki_tag`;
/*!40101 SET @saved_cs_client     = @@character_set_client */;
/*!50503 SET character_set_client = utf8mb4 */;
CREATE TABLE `wiki_tag` (
  `id` varchar(255) NOT NULL,
  `description` varchar(255) DEFAULT NULL,
  `is_valid_tag` bit(1) DEFAULT NULL,
  `label` varchar(255) DEFAULT NULL,
  PRIMARY KEY (`id`)
) ENGINE=InnoDB DEFAULT CHARSET=utf8mb4 COLLATE=utf8mb4_0900_ai_ci;
/*!40101 SET character_set_client = @saved_cs_client */;

--
-- Dumping data for table `wiki_tag`
--

LOCK TABLES `wiki_tag` WRITE;
/*!40000 ALTER TABLE `wiki_tag` DISABLE KEYS */;
/*!40000 ALTER TABLE `wiki_tag` ENABLE KEYS */;
UNLOCK TABLES;
SET @@SESSION.SQL_LOG_BIN = @MYSQLDUMP_TEMP_LOG_BIN;
/*!40103 SET TIME_ZONE=@OLD_TIME_ZONE */;

/*!40101 SET SQL_MODE=@OLD_SQL_MODE */;
/*!40014 SET FOREIGN_KEY_CHECKS=@OLD_FOREIGN_KEY_CHECKS */;
/*!40014 SET UNIQUE_CHECKS=@OLD_UNIQUE_CHECKS */;
/*!40101 SET CHARACTER_SET_CLIENT=@OLD_CHARACTER_SET_CLIENT */;
/*!40101 SET CHARACTER_SET_RESULTS=@OLD_CHARACTER_SET_RESULTS */;
/*!40101 SET COLLATION_CONNECTION=@OLD_COLLATION_CONNECTION */;
/*!40111 SET SQL_NOTES=@OLD_SQL_NOTES */;

-- Dump completed on 2023-12-11 21:21:46
